,0,1,2,3,4,5,6,7,8,9,i1,i2,hl,nl
0,3510,4372,200,4301,2101,4325,855,3001,4661,4778,1124,,,
1,82,3271,3483,2105,4535,4683,505,1918,2319,4791,6654,,,
2,554,331,488,3845,241,1994,1357,2676,320,532,2509,,,
3,4634,1519,12,4533,1725,700,2800,4606,1030,4581,1252,,,
4,239,3391,1482,1202,181,925,3900,421,321,3420,6426,,,
5,2549,1149,3600,3459,3335,99,1894,1262,4493,3164,1119,,,
6,4005,299,2890,416,177,3290,437,3939,1476,4683,1910,,,
7,245,543,382,3064,1519,4340,337,4069,4826,2338,3248,,,
8,1911,2874,3015,4470,1004,1155,3840,163,575,2833,7470,,,
9,2549,2970,2224,2256,643,4583,1235,1630,4493,4142,3217,,,
10,3238,4922,4851,331,4292,2300,2931,2996,3584,4723,3440,,,
11,2274,1667,2848,708,343,2251,80,3506,3267,3393,7655,,,
12,4954,4716,4922,1538,2996,2494,3142,1252,3907,4895,3440,,,
13,4874,8,4443,3424,4757,4493,1951,1238,2848,1665,4987,,,
14,3045,2975,4149,1647,3889,4256,3155,109,234,646,3512,,,
15,4372,4986,4491,704,3335,1571,4790,3100,4302,332,590,,,
16,4708,2086,2849,4989,4509,2820,4151,1611,621,682,4231,,,
17,708,205,2944,30,554,391,1782,4570,1287,1014,7887,,,
18,4477,610,191,3441,276,807,3565,800,2927,3152,8021,,,
19,2518,2614,4599,3483,1984,2445,2478,2921,2481,475,335,,,
20,1197,1287,2179,1578,953,1509,648,3045,1317,2478,7557,,,
21,536,4752,3537,2217,4615,2179,713,4533,4489,1030,5915,,,
22,4243,3232,4360,4304,3753,4040,4302,12,704,4319,1297,,,
23,4342,1804,4639,3565,2188,1961,209,935,3735,495,4836,,,
24,4904,2545,1795,99,1686,4338,60,4959,2970,3897,2212,,,
25,62,192,754,3576,3496,1857,650,1125,4390,2764,5502,,,
26,3865,2350,4193,4207,1946,3185,1128,2607,2972,3099,5825,,,
27,2478,3594,2280,1646,2955,3564,1194,856,2872,3140,150,,,
28,345,145,234,532,209,3024,1896,731,3685,173,2499,,,
29,708,1287,4789,4988,1549,4086,4570,1164,4914,2518,7887,,,
30,416,2163,82,442,130,2637,2572,4409,556,187,2200,,,
31,945,3034,1752,2280,4207,1646,682,3406,301,3594,150,,,
32,14,3337,4760,4970,2918,2970,1684,522,4001,4847,4096,,,
33,2,2782,1013,1235,1089,2996,4283,191,1448,1075,3440,,,
34,802,454,1253,3230,2731,3472,1339,750,2632,114,5298,,,
35,1715,617,217,4826,4177,1688,768,4491,2454,2430,590,,,
36,4243,3753,1049,472,4099,3594,307,1993,3805,4040,1297,,,
37,1633,4275,4357,1986,1236,2639,4005,145,1880,505,4863,,,
38,700,4965,2651,577,2055,1709,2368,404,2964,2799,5106,,,
39,1970,1484,4243,870,4665,1650,437,3575,4012,1795,3668,,,
40,255,2031,4198,793,2833,4575,192,2203,2821,2395,342,,,
41,4665,4245,3431,1484,1491,160,4302,4670,870,1136,3668,,,
42,2139,2246,2387,565,3459,1602,4533,4847,3841,4730,2816,,,
43,1728,1709,4954,266,3335,2162,1818,321,1725,1611,5185,,,
44,2015,2511,416,2143,2163,3381,3290,258,1592,4683,1910,,,
45,4382,3372,1846,2161,2536,3322,1604,3930,4049,616,6654,,,
46,713,221,314,2181,1993,49,4226,3775,866,3375,2817,,,
47,3424,1018,509,4752,3826,1581,713,4445,4398,3663,3399,,,
48,3459,708,3685,145,3519,4746,98,908,2775,3538,2499,,,
49,935,361,3300,4342,4194,2188,2198,4874,184,4556,4836,,,
50,2280,2478,3206,218,3391,3555,2326,3417,489,132,3497,,,
51,3732,2866,4640,2525,1174,885,461,3342,3018,3428,2320,,,
52,3335,908,1087,2756,2726,1755,2495,744,4887,505,6270,,,
53,4757,2311,571,403,2125,1501,4759,3210,2342,1733,3723,,,
54,1519,680,4091,2354,303,382,3423,4826,4283,4261,3248,,,
55,1178,2599,3636,3337,3386,283,2832,1133,1602,272,2816,,,
56,3813,4275,2949,3888,3381,1038,2536,475,3782,4167,1910,,,
57,3037,1923,53,97,4233,2549,2970,3424,505,2953,1329,,,
58,4689,1611,309,2086,4134,4893,3102,3061,2577,198,3203,,,
59,4352,2392,1532,3138,4635,2368,3650,1983,458,1270,5106,,,
60,2215,989,4798,3094,3700,2248,4828,1686,3230,2951,3497,,,
61,2970,1630,4131,1495,3022,934,3689,3045,193,4740,2378,,,
62,1020,1522,1619,2275,2897,4337,4179,3537,109,1857,4253,,,
63,3459,4642,1547,1313,1698,320,1778,324,1922,1088,5180,,,
64,2093,1178,33,4714,4386,4683,922,1856,3204,4509,2856,,,
65,3269,3907,4783,3924,554,4770,36,4490,1287,731,2509,,,
66,193,4986,4270,505,1200,4738,679,1362,1588,2586,5006,,,
67,1957,239,2784,3018,3055,1871,1069,1160,364,81,7229,,,
68,1564,145,189,4477,472,4926,1600,4683,704,191,5648,,,
69,4533,3537,713,4910,536,738,320,3565,3979,2347,5915,,,
70,4720,3232,2152,1993,4243,932,4302,1764,2334,4730,1297,,,
71,617,2691,3713,459,3715,248,300,4532,3909,4491,3723,,,
72,647,617,554,3873,2390,2957,3455,3607,1205,3494,4964,,,
73,2051,976,562,754,62,1857,132,1749,1395,2113,5502,,,
74,1564,181,314,3775,283,2181,295,3537,948,2853,2817,,,
75,2803,2288,1585,4757,4635,4226,2633,892,569,2294,7620,,,
76,2139,2645,880,3774,1762,3099,1604,3221,2856,4922,1124,,,
77,145,4318,2549,664,70,1755,295,4208,159,2988,3486,,,
78,361,4954,4955,4091,1753,14,4039,1633,160,3759,2757,,,
80,4481,2267,930,4256,2666,2532,1,3444,2809,4643,912,,,
81,2773,3685,1405,1698,2430,3667,570,3494,3204,3308,2856,,,
82,2218,1681,434,4596,4086,3210,677,2383,1488,4661,3723,,,
83,609,2295,3754,98,4481,2160,1991,2407,3483,2353,7449,,,
84,255,3685,203,1774,3519,484,648,145,489,2941,2499,,,
85,4445,4551,3058,3974,691,4771,2377,2743,4093,2587,4189,,,
86,181,3820,1564,4954,1143,295,866,2853,2887,283,2817,,,
87,3459,221,2970,3600,4493,1262,3335,2093,1149,465,1119,,,
88,740,1451,276,4396,453,2409,2229,3536,2033,3735,1786,,,
89,4945,2377,3510,4445,1142,4005,4126,3459,82,4922,5010,,,
90,1174,4603,2458,1062,1005,2354,1695,2912,3450,2796,4384,,,
91,4393,205,1343,4798,2025,3439,1684,2958,98,2319,7449,,,
92,3198,4561,1493,4284,935,4826,1143,2799,3271,1066,5010,,,
93,193,1604,2903,3537,4506,505,3770,2105,492,558,6270,,,
94,357,1690,4683,3224,4888,4477,1142,145,3517,902,5648,,,
95,4658,4533,4911,4874,439,3100,4936,2179,634,4286,1252,,,
96,575,3971,4804,816,557,4501,177,312,3949,3910,7470,,,
97,1089,4234,3735,266,3335,665,4233,1611,1429,899,5185,,,
98,4778,4219,1646,1475,2921,2280,4789,63,945,856,150,,,
99,3685,2773,70,2548,2665,4683,3333,558,4386,1178,2856,,,
100,4533,3066,165,2229,1519,323,738,2051,4187,4874,1252,,,
101,2029,459,3494,4793,3426,1632,2756,4609,1711,2549,6270,,,
102,324,3582,112,708,1024,2778,4783,2666,768,1731,7655,,,
103,725,181,3636,3817,4386,953,676,27,4119,2394,2148,,,
104,2146,1405,2778,1857,4714,96,2993,1708,1698,2436,2856,,,
105,411,1069,3781,1493,570,704,105,2251,4626,3602,2131,,,
106,4084,2075,4149,2096,4071,2255,2178,3962,3285,2250,5695,,,
107,3647,114,2632,3519,4693,3019,916,1867,3109,3854,5298,,,
108,1118,4177,903,193,4372,4491,1205,4634,1556,4760,590,,,
109,3292,1736,3198,2210,66,145,495,2179,2682,2041,1168,,,
110,3934,3055,1087,1871,3866,421,605,239,1341,2494,7229,,,
111,4683,1430,3928,2773,986,2548,949,1988,3432,4955,2856,,,
112,3424,2459,605,2912,106,2970,505,704,855,509,1329,,,
113,502,981,2968,1844,1456,983,2455,2770,4275,3905,2148,,,
114,141,1960,193,3424,4445,3282,3567,2830,2217,2970,5168,,,
115,2714,4239,4270,1066,1818,99,4352,4284,2139,1671,393,,,
116,193,2041,3598,4664,388,1825,1583,360,3768,2549,3217,,,
117,3018,1174,1611,4640,4338,4097,3428,1559,2866,3342,2320,,,
118,2031,1567,341,1253,4674,267,2769,1479,2250,4340,4574,,,
119,924,4828,3439,3519,326,1812,4265,1472,4693,2619,5298,,,
120,3198,2421,1633,3342,4058,4965,2197,3985,4194,4715,7233,,,
121,4551,895,1197,49,4445,3133,1308,2101,324,3974,4189,,,
122,2339,4016,2816,1129,2522,4447,643,4491,744,1960,6335,,,
123,983,4412,2637,4778,1785,4814,2377,1740,2903,760,4308,,,
124,2105,3198,4709,495,2301,3829,4233,4475,444,4831,1168,,,
125,4646,2086,3643,4319,3551,3019,1357,1428,4509,1831,4231,,,
126,3081,2572,2637,2247,2587,2455,3144,82,3811,2509,2200,,,
127,2436,2778,3952,1128,1178,4509,4683,2430,3432,3928,2856,,,
128,3300,357,1984,908,648,3175,555,484,708,4665,2499,,,
129,708,4086,3408,4738,80,2203,4783,2422,1122,4622,7956,,,
130,647,1205,4737,586,1854,1821,617,3571,4377,2921,4964,,,
131,1324,4626,2689,411,1106,2654,2524,1822,1571,1739,2131,,,
132,4945,3524,2200,1667,69,3928,2851,3390,332,296,1257,,,
133,554,1357,1287,320,1945,3498,532,1994,4783,1948,2509,,,
134,2445,1943,4393,186,4709,3037,3982,2342,3426,3230,3355,,,
135,4390,1395,2026,3496,2113,3576,2051,713,132,192,5502,,,
136,4756,4803,2848,738,4752,1118,923,2038,2188,2940,2809,,,
137,2122,4642,4194,4171,3459,2608,88,4929,3685,1970,5180,,,
138,2667,2203,4506,708,1578,1774,2342,1681,4783,3700,7956,,,
139,1936,2610,4140,2031,4960,554,4717,2821,3406,710,342,,,
140,3995,4256,109,3155,1647,2559,3185,1605,4149,425,3512,,,
141,9,2874,554,2944,1164,1014,708,2478,205,391,7887,,,
142,97,3270,1706,2970,1018,804,225,3420,2755,2848,2007,,,
143,2294,924,4746,3636,569,1951,543,1018,2356,3438,7620,,,
144,361,3459,3685,3342,3607,4344,1580,4194,126,4342,4836,,,
145,82,556,2572,2637,2509,315,4453,416,202,1229,2200,,,
146,4954,3335,643,1980,266,173,1611,3262,2021,4748,5185,,,
147,186,2927,740,3506,4396,3883,3066,4475,1999,2843,1786,,,
148,4098,4086,2342,1955,181,300,2691,1501,1751,3950,3723,,,
149,3928,145,3907,2349,505,1993,2946,4482,2489,2664,4863,,,
150,193,2549,173,1200,3986,2345,97,1182,2970,2256,5024,,,
151,4446,88,3308,855,586,1778,3198,3510,1197,4128,1093,,,
152,2178,3226,2884,2718,583,1421,4028,4943,3910,3647,5695,,,
153,4669,4005,3928,4325,4869,4188,158,3390,1157,1778,1257,,,
154,1253,3774,114,2031,1567,2769,3143,1181,4985,2686,4574,,,
155,4836,2782,2404,1685,238,2396,416,2608,3652,3073,298,,,
156,3908,1722,586,282,1517,4319,1118,1682,4927,4390,5966,,,
157,780,3337,633,1464,2970,1684,14,934,3990,3107,4096,,,
158,2632,2494,4773,617,2188,3270,284,333,36,301,4987,,,
159,150,3417,3108,3963,2972,1164,1103,2188,140,3783,1043,,,
160,193,2136,2970,3350,2238,2338,1429,1630,4762,2549,5024,,,
161,1202,2340,6,181,2273,309,3391,3837,799,321,6426,,,
162,1357,1287,1945,4595,3551,3340,680,2090,2063,4203,2512,,,
163,1287,708,2944,391,111,4086,30,4789,4570,2478,7887,,,
164,1737,2031,1684,2518,4981,391,98,4764,2478,1209,335,,,
165,4292,2722,1961,1545,3907,770,3584,2392,2782,3794,3440,,,
166,1263,3285,1857,309,434,4045,262,1556,3593,2829,4253,,,
167,614,2158,1119,2421,3650,4963,3685,4202,1574,4945,3484,,,
168,69,3037,3424,2447,193,1224,2970,2743,97,3612,1329,,,
169,3100,542,2970,3045,2872,193,690,49,3086,934,2378,,,
170,2848,3895,457,1599,482,510,4043,4779,3258,4760,2809,,,
171,109,1821,1605,3045,245,3185,2581,2683,646,3889,3512,,,
172,3813,4814,437,3939,2949,3888,416,3421,4910,3226,1910,,,
173,4524,45,2656,3324,1911,3109,3314,4392,367,3923,3355,,,
174,283,2756,988,1263,255,578,3483,236,345,1287,332,,,
175,4798,1684,104,2295,2958,3441,1585,2353,2206,3483,7449,,,
176,2342,3715,617,2691,434,30,1706,4596,4098,4396,3723,,,
177,740,2377,2646,276,1538,505,4074,456,1739,2694,7258,,,
178,2368,1983,4556,700,4635,2408,4474,4433,4965,2538,5106,,,
179,740,4207,630,1066,816,1737,3089,1355,3229,2756,7790,,,
180,4177,4659,69,4973,3428,1688,522,311,1738,2970,4096,,,
181,2306,772,2309,1201,3261,3267,4843,3406,323,4218,5058,,,
182,2874,205,1164,391,4674,1287,2544,9,708,2478,7887,,,
183,4126,3805,1818,4609,4302,3753,4319,1100,704,4040,1297,,,
184,357,648,484,4275,14,3685,4888,248,617,58,2499,,,
185,434,2409,186,1857,4396,1029,4693,3883,1999,740,1786,,,
187,2280,682,2351,1646,301,945,2955,856,4207,2872,150,,,
188,15,3198,3424,2941,2197,4965,942,458,1957,2524,7233,,,
189,3537,4043,3268,754,4814,1495,1563,852,979,287,2001,,,
190,2756,908,4493,484,13,3397,2281,1854,3198,2182,4717,,,
191,4284,2086,2639,191,3198,1519,3262,1818,4031,2251,1093,,,
192,1178,1667,4847,565,266,3337,3459,2536,3409,598,2816,,,
193,4783,2326,1697,1470,1027,4021,3971,2232,1172,1048,5825,,,
194,586,4028,3198,2672,4573,3459,2227,484,373,2422,4717,,,
195,4126,181,1837,3820,4954,3289,3775,258,866,49,2817,,,
196,176,1753,934,361,2629,3003,3651,134,4491,2732,339,,,
197,45,98,1230,205,4586,1984,2562,3314,3034,2638,332,,,
198,4575,4680,4645,1116,3318,4240,554,3543,4987,2803,342,,,
199,1646,767,3685,3335,1621,98,1209,1611,3459,3519,840,,,
200,18,4493,976,4966,9,4394,925,2944,4804,2255,332,,,
201,9,4086,554,2518,2544,1287,391,205,1164,2972,7887,,,
203,1564,4954,866,4871,2930,4152,3496,2181,123,2853,2817,,,
204,764,1749,1125,62,4295,3555,1857,3265,3410,713,5502,,,
205,1752,4128,2204,2990,3007,723,3942,1212,591,3628,2022,,,
206,245,4826,4533,861,4261,4091,3557,314,41,1519,3248,,,
207,1605,3995,1354,413,1821,2559,4208,2683,3185,432,3512,,,
208,88,4658,4096,361,58,4005,1074,1649,902,593,6276,,,
209,1409,1735,3358,1933,1642,2657,1751,3880,4104,565,1505,,,
210,1074,361,2629,1601,3950,181,934,75,3003,679,339,,,
211,484,673,4888,2911,2160,4005,4789,2301,3459,2138,4717,,,
212,4446,2639,191,2538,855,4284,4851,3531,109,88,1093,,,
213,4256,2987,2111,846,3545,44,1823,4876,1136,4105,3497,,,
215,4131,99,1069,3768,696,4762,193,3022,49,3086,2378,,,
216,708,4789,4570,4086,2478,4914,2544,1164,2518,9,7887,,,
217,2207,3982,837,3383,1943,415,1116,3307,3037,4524,3355,,,
218,1287,4674,1782,708,554,2874,1014,391,2478,2821,7887,,,
219,4131,2970,4143,193,4090,3100,3768,99,2443,676,2378,,,
220,2646,4390,1933,3152,723,106,2851,465,4211,4635,3502,,,
221,3210,2161,3046,4094,195,4927,928,4767,1667,3216,2832,,,
222,3564,4789,1646,2280,4219,4776,489,3528,1752,2872,150,,,
224,4554,4126,704,1784,1818,4319,870,932,4609,413,1297,,,
225,62,4390,3168,3576,713,2051,764,1749,3555,3496,5502,,,
226,4128,4337,361,58,4005,1818,4686,4869,75,2831,6276,,,
227,2500,3107,2848,3955,1145,570,2155,122,723,3793,2777,,,
228,1087,932,2508,4194,3662,3685,4940,617,4622,3799,728,,,
229,1263,4396,1076,4283,1831,4527,2638,4945,3928,1013,1833,,,
230,1174,4603,2070,225,4332,1145,2354,1695,4659,1409,4384,,,
231,276,586,3880,2162,450,3939,3811,2851,2595,1465,5966,,,
232,3873,1605,1067,1181,4396,4283,4945,2025,677,520,1833,,,
233,1287,36,2649,3907,3269,532,2726,320,3924,4828,2509,,,
234,193,4493,1054,146,3630,4986,333,895,432,263,3217,,,
235,1089,3238,4954,99,2356,3113,4922,2392,4723,3584,3440,,,
236,708,2342,769,2104,1578,601,4622,1359,2866,2589,7956,,,
237,2549,3335,2348,3459,3164,1087,4143,2778,1715,544,1119,,,
238,1611,1324,3662,3537,4282,3974,88,2136,1055,544,7946,,,
239,1306,1736,3510,4337,2968,4723,2313,2434,1178,4031,4623,,,
240,357,648,708,946,14,2739,3397,1024,3731,284,2499,,,
241,3018,4986,2970,2866,2545,4904,4338,2832,2639,885,2212,,,
242,983,88,986,4093,2608,4039,4642,2899,4194,768,5180,,,
243,4304,1190,357,4228,581,3799,4922,4912,4294,184,6324,,,
244,2654,4950,744,2872,4091,1894,1612,3928,4904,588,3184,,,
245,4533,719,3873,3459,1437,4847,3050,1667,4659,4554,2816,,,
246,1287,741,4601,4627,1478,2726,680,1567,1945,4275,2512,,,
247,4124,1970,336,554,40,3650,1821,4340,617,2595,4964,,,
248,1984,193,2820,708,1024,4698,2284,3085,3320,4770,6906,,,
249,3267,4799,252,3261,1158,323,3336,1862,2353,827,5058,,,
250,361,1404,2617,1995,14,4954,2832,1559,3778,4091,2757,,,
253,3907,1205,4034,3041,1005,1080,2404,2824,1841,3345,1170,,,
254,3880,106,3628,2646,1739,4635,3707,4208,4396,723,3502,,,
255,2031,831,3528,1020,4461,4501,3227,4261,1946,4960,7642,,,
256,4267,4752,4760,3628,482,3746,3094,677,3895,3677,2809,,,
257,983,617,4524,3143,928,3263,195,552,2161,54,2832,,,
258,1667,4640,1611,836,3732,2496,934,2970,2041,2976,2320,,,
259,1854,4126,3290,2088,1317,692,4851,3192,2243,3258,7557,,,
260,3982,1578,2179,152,2874,2478,236,2689,4791,4041,7557,,,
261,1409,1556,1069,461,885,3428,2970,3228,3141,3018,2320,,,
262,54,3406,4841,655,4960,2088,3034,336,475,1554,7642,,,
263,2587,3338,4093,4445,244,509,2543,1197,1053,3058,4189,,,
264,98,3431,1713,3185,2958,4738,3729,4876,2384,1646,800,,,
265,3873,827,4652,1014,260,2905,3423,3959,4470,2203,5058,,,
266,3786,3324,45,4406,186,341,89,3389,3923,3314,3355,,,
267,708,4789,2944,391,4674,554,1549,1014,2544,4086,7887,,,
268,3571,1455,1873,1902,2957,1475,782,1821,2958,2080,4964,,,
269,1023,15,1278,390,2377,2187,3173,3462,505,3370,6654,,,
270,1202,744,2796,1732,3963,1254,70,2162,3378,251,6009,,,
271,2178,1024,3647,1374,2847,3813,3285,3962,4643,3267,5695,,,
272,3237,3293,1732,812,522,2155,593,3036,2500,3955,2777,,,
273,4793,1984,1586,3624,4876,151,2589,2860,2481,3012,869,,,
274,1252,3510,3198,645,1778,3677,692,3308,3153,391,1093,,,
275,3676,4445,4642,3818,1583,2799,4556,1804,4661,1753,5180,,,
276,1202,3459,1178,2313,3337,2536,4533,1602,4338,633,2816,,,
277,708,2274,772,956,80,4284,2849,2595,1776,3322,7655,,,
278,4270,3007,3802,1611,505,240,3102,4788,3459,2832,3203,,,
279,4283,1075,2356,4233,4851,184,3177,1089,1235,2558,3440,,,
280,4290,2549,1736,1686,983,3259,2136,4919,1611,1548,7946,,,
281,195,3210,720,1667,3001,1663,617,3073,4396,3905,2832,,,
282,323,3267,3571,3261,827,2125,260,2326,772,627,5058,,,
283,2740,3628,3335,1857,3459,1523,1026,2549,3113,2352,1119,,,
284,4738,740,4091,1571,2445,1711,98,2828,2858,2494,800,,,
285,4245,1970,4012,4302,160,396,4912,4243,2063,4665,3668,,,
286,2988,1750,2540,1203,3690,449,1736,2919,3915,4031,4623,,,
287,4943,2649,4783,331,1945,532,1790,852,3498,3127,2509,,,
288,2523,1145,2796,3036,2912,1695,3793,3799,2099,1278,4384,,,
289,567,1751,4945,4963,2714,2866,3645,3831,2975,4336,6696,,,
290,740,505,1619,1315,4032,2377,437,3930,276,4044,7258,,,
291,4642,2491,4730,4692,1597,3841,3685,3782,1106,2843,5180,,,
292,4501,2465,4167,3211,2532,3442,4870,2544,4573,4406,1388,,,
293,4091,4945,2848,4372,4955,1602,3685,588,266,4642,3184,,,
294,3397,4766,3175,2096,1337,296,2508,283,3895,1733,2683,,,
295,532,320,852,1790,4783,2319,1946,2649,1994,2944,2509,,,
296,1686,2970,4986,60,3602,885,2639,1341,1795,2832,2212,,,
297,1611,712,221,1557,1831,2911,43,794,3551,4989,4231,,,
298,284,4986,1960,609,617,4793,4888,4770,255,3732,6270,,,
299,2890,2251,3885,1324,1449,3781,2447,4560,855,1493,2131,,,
300,116,3210,1441,459,617,4377,4745,4268,3439,4615,3723,,,
301,1984,3849,1373,2178,648,1578,1831,116,953,1317,7557,,,
303,4683,3794,2522,3151,1599,4496,3131,3888,2511,258,1910,,,
304,2178,3591,2289,4943,4467,2075,2295,1181,4071,4643,5695,,,
305,3287,1178,1202,2033,3963,2968,983,4428,4762,4661,2148,,,
306,1605,2876,2919,193,3612,3781,3335,2740,4986,4302,590,,,
307,2738,3881,705,98,4595,3491,1572,391,2614,2769,7449,,,
308,3237,522,3084,2717,122,593,1005,2783,723,1732,2777,,,
309,2549,183,505,903,325,2970,2101,411,509,3037,1329,,,
310,1755,4493,484,1205,1758,496,586,3198,2911,2957,4717,,,
311,14,1667,4767,3233,4718,3496,1128,3575,552,617,2832,,,
312,2770,214,2142,3545,3372,1393,802,3271,3928,3361,6654,,,
313,3510,1048,4337,1189,1736,2540,4704,4927,4968,3940,4623,,,
314,4022,1681,80,3700,2866,4086,4783,3792,3408,2545,7956,,,
315,3314,98,4913,2407,488,2842,95,2088,2958,831,7449,,,
316,945,98,1681,1646,3227,397,1846,3185,4022,2459,800,,,
317,708,1945,3647,166,1984,488,1175,3467,3242,2619,63,,,
318,1599,3571,248,1984,2833,4493,3483,2921,1201,2962,335,,,
319,3322,4445,1246,3799,4689,3544,3974,4762,2101,94,4189,,,
320,1960,303,1531,586,4880,4005,1129,4098,3391,2188,6335,,,
321,2309,2125,4843,3383,3873,3119,827,3336,3867,2119,5058,,,
322,2310,4005,1129,70,2179,3238,1960,3045,1362,2903,6335,,,
323,2375,2667,2342,4086,457,143,4098,434,303,1359,3723,,,
324,4683,956,1732,4698,4491,1552,923,4469,2903,1988,6335,,,
325,4310,1178,27,2093,983,1844,953,2770,730,2394,2148,,,
326,193,1983,505,3932,3781,2101,3930,1957,2641,2970,1329,,,
327,3551,1175,2730,2063,4627,680,4601,4024,2726,741,2512,,,
328,3198,4396,3883,740,3746,2409,3735,3066,175,617,1786,,,
329,1753,361,4096,4091,240,1995,2229,1633,2832,4955,2757,,,
330,4131,193,4090,2970,676,3499,696,3022,542,690,2378,,,
331,3424,4867,1581,67,1532,713,324,3908,2524,4398,3399,,,
332,1646,945,301,856,1172,4124,2607,2280,1752,2872,150,,,
333,4579,1896,1087,3796,4622,4194,3662,3755,2980,3685,728,,,
334,3055,3060,54,2843,1517,195,659,3260,4390,3046,5966,,,
335,3757,3228,2006,2021,209,3685,4194,4751,319,4639,4836,,,
336,1646,63,1752,2280,1851,856,4778,2607,1850,3019,150,,,
337,3794,1169,4778,659,2101,4922,200,4195,1197,1246,1124,,,
338,1585,391,3995,3923,1209,1813,3314,4537,1943,1984,335,,,
339,4804,1805,109,1405,3072,553,2798,2100,2612,3537,4253,,,
340,3575,3230,2409,3805,4642,3369,3724,4798,882,4841,7367,,,
341,505,4469,1140,69,2646,276,3251,2179,740,2377,7258,,,
342,2500,455,4097,2903,2377,4814,1623,983,2988,3379,4308,,,
343,1270,284,109,4757,3424,4207,1728,1550,617,366,4987,,,
344,3424,1791,713,4752,4445,509,2511,2516,984,324,3399,,,
345,630,3164,126,2189,453,98,255,3491,236,18,332,,,
346,3198,2409,3628,4396,3003,2927,4219,27,2507,3746,1786,,,
347,2848,4640,4335,2338,2678,1532,3270,4322,313,804,2007,,,
348,740,3883,4867,3198,617,4396,186,3796,241,2843,1786,,,
349,4336,3942,4098,1715,2657,25,449,1370,565,4577,1505,,,
350,1522,32,2105,2612,4579,570,109,4418,1276,2135,4253,,,
351,1449,4211,211,465,1739,2334,449,4499,1933,2652,3502,,,
352,2444,2445,4408,4091,3763,2394,4789,1523,822,9,800,,,
353,4005,2301,3424,935,744,3804,362,4836,4761,1454,298,,,
355,4954,4477,1970,2841,3441,320,3379,1779,2392,128,8021,,,
356,930,3847,114,663,4190,4481,3267,4791,4366,1253,912,,,
357,4842,1545,4606,3344,4043,4760,677,543,1835,510,2809,,,
358,2903,4049,2637,1740,2843,455,4412,4676,1020,4778,4308,,,
359,361,181,2621,266,176,2345,4147,159,1294,72,339,,,
360,3102,3781,357,4304,1429,4152,1190,3795,4922,2888,6324,,,
361,416,2455,1229,2637,315,3432,2142,3328,3613,1652,2200,,,
362,1611,198,1200,2041,1667,2639,1708,4825,3018,3428,2320,,,
363,106,3428,1583,3555,1739,3576,1695,1933,3826,3391,3502,,,
365,1087,716,626,3628,2830,1752,141,3007,1270,4128,2022,,,
367,659,14,4091,361,240,4096,461,536,1088,1535,2757,,,
369,1728,3604,1388,2674,465,3424,2883,4687,2970,4989,5168,,,
370,4533,2890,2674,4188,4390,2051,4187,1465,1715,2179,1252,,,
371,4987,4028,2638,1516,2931,2904,2227,1106,2095,3061,4717,,,
372,1169,3024,1779,4411,2139,391,1752,191,12,3262,1093,,,
373,1128,2516,1429,1778,3600,700,3979,664,1509,3707,1257,,,
374,4986,4527,1224,2639,2970,2224,60,99,2832,3602,2212,,,
375,3164,2958,3474,132,3647,2445,4876,1984,2756,925,332,,,
376,98,2255,2607,1400,2088,4061,1071,2031,1554,4798,7449,,,
377,1711,3189,3060,1014,4071,1270,3770,882,4887,4966,6270,,,
379,4793,4683,2265,3164,3225,2444,3145,3395,3647,571,840,,,
380,299,186,4674,3480,1984,4274,4675,4470,3285,3554,7470,,,
381,4524,193,2136,4520,2238,4143,4762,2970,2794,566,5024,,,
382,4836,1740,4814,4778,983,2993,1306,4349,198,1785,4308,,,
383,402,647,336,2083,1475,932,1332,571,1902,617,4964,,,
384,3424,416,2142,4836,1022,58,4284,2963,4034,744,298,,,
385,2638,1545,4581,3072,3446,2204,4527,3873,5,81,1833,,,
386,4245,160,4665,4302,4670,437,4714,1332,2100,524,3668,,,
387,4352,1066,3259,2714,4239,4270,1581,548,4851,1856,393,,,
388,287,565,754,2095,1495,4409,4814,3260,2340,4546,2001,,,
389,1619,1409,276,505,2041,3930,64,2207,3251,1739,7258,,,
390,3314,976,2718,3483,2255,2958,1071,3439,2518,2353,7449,,,
391,3428,1583,3576,1739,34,1631,4211,211,1933,1722,3502,,,
392,3630,432,3060,1583,4290,4493,2651,1630,123,2224,3217,,,
394,4096,276,1778,1564,2097,191,911,2927,1029,1412,8021,,,
395,2607,3151,4783,1172,4193,2795,1642,2659,663,3558,5825,,,
396,130,4561,3432,3811,442,3030,892,427,4409,4671,2200,,,
397,708,3942,459,4284,1564,1661,2795,2263,1774,1913,7655,,,
398,4124,4778,2955,856,682,945,201,1646,4207,3034,150,,,
399,4126,4871,3537,1143,1993,713,181,3775,948,2277,2817,,,
400,3510,3795,586,1197,2597,391,645,1779,2139,2251,1093,,,
401,772,4003,3873,3713,1862,4218,896,4411,323,2180,5058,,,
402,4634,1178,1611,3035,1522,2105,1556,4579,1263,2973,4253,,,
403,3335,4169,2256,1605,903,33,4888,1721,3501,404,590,,,
404,276,4390,1517,1443,2993,187,3237,784,3337,659,5966,,,
405,1287,1994,2319,4783,1357,488,3498,331,4943,532,2509,,,
406,2356,1662,4018,4635,3438,4398,3690,1734,4746,4443,7620,,,
407,2664,1087,3580,3224,1142,3590,215,4034,4683,880,5648,,,
408,3565,3441,4851,1778,895,1465,1779,2088,4954,730,8021,,,
409,2421,1252,1952,3662,1430,1711,4534,165,3366,4579,4053,,,
410,2549,4398,4867,1430,2743,2384,3820,3545,4214,935,4053,,,
412,14,2090,983,3046,617,54,56,3575,1623,3369,2832,,,
413,816,1333,2300,2756,2478,1355,3551,1838,4734,1561,7790,,,
414,2911,3314,4899,4642,655,2656,941,1113,2200,3001,7367,,,
415,554,1478,320,241,1946,3498,4783,1287,1945,532,2509,,,
416,4,3185,1605,1172,2510,2531,4208,2975,4411,1821,3512,,,
417,617,2111,320,4005,2227,2787,4592,4888,3467,1715,4717,,,
418,1087,4533,866,2988,1150,4560,2204,3347,3432,2968,5915,,,
419,3459,320,2747,4642,1113,1184,4710,324,442,4556,5180,,,
420,1087,3481,239,3183,3455,3934,2139,1957,2784,4560,7229,,,
421,505,1143,3459,1778,3338,3354,3841,2755,1140,3071,5010,,,
422,896,2354,1005,1174,2188,3313,4659,1532,225,3337,4384,,,
423,738,1778,2101,3826,1162,3432,1149,4019,3849,4532,5915,,,
424,2549,193,4524,3446,2238,1054,4143,2136,3058,2345,5024,,,
425,570,1821,313,3059,1822,2832,3885,2890,99,88,2131,,,
426,3198,2996,3052,4318,458,1069,3866,3681,3347,2345,7233,,,
427,361,4091,4844,1404,4096,2229,240,1493,591,1535,2757,,,
428,3689,2970,3100,1856,3045,193,2496,4312,2872,3499,2378,,,
429,1633,4044,1755,4335,577,1190,4507,1429,4953,357,6324,,,
430,946,3328,614,1611,2136,1270,3018,421,216,2313,7946,,,
431,3647,2614,1472,3754,630,250,1991,98,1400,203,7449,,,
432,1601,4793,98,1611,2730,1774,1667,255,3122,45,840,,,
433,1437,4226,4635,2298,4018,1951,3438,4443,267,543,7620,,,
434,562,754,192,3410,1857,2051,3168,976,1749,1008,5502,,,
435,416,691,4561,3501,130,267,315,3144,2118,1229,2200,,,
437,2470,856,2119,2803,288,4268,4570,1116,630,3962,342,,,
438,2401,2778,3630,2549,458,4143,2436,1235,2912,81,1119,,,
439,3165,4836,2342,4642,3424,3164,4640,3732,4333,160,6270,,,
440,1857,175,3198,276,2796,2409,4396,2835,925,3417,1786,,,
441,1403,1172,3873,3045,413,2510,1821,2459,1605,4149,3512,,,
442,416,556,444,4561,82,1080,4956,691,1932,3501,2200,,,
443,69,193,2953,3037,2549,3424,53,3612,2678,522,1329,,,
444,2409,453,617,740,2401,4396,3198,3746,4475,276,1786,,,
445,554,708,4988,1287,2874,1782,9,2478,2962,1549,7887,,,
446,4005,2536,3381,416,4489,4275,4668,3939,518,2096,1910,,,
447,1611,181,1522,298,654,1602,3048,198,4936,72,5006,,,
448,2639,3438,2055,4579,2612,4444,3613,1772,1619,2829,4253,,,
449,2730,57,236,2663,4675,4394,1984,1063,1561,3554,7470,,,
450,1174,1278,3145,3793,1532,4717,2458,2033,896,1409,4384,,,
451,3483,1554,822,4592,609,657,2958,2295,91,4879,7449,,,
452,1857,2408,1611,3551,2496,2911,794,1382,3991,1899,4231,,,
453,2885,4284,2639,1033,1633,3510,458,3420,3725,3198,1093,,,
454,2256,4927,2988,1740,1538,1140,4814,4836,1785,2377,4308,,,
455,324,4093,4445,979,3424,67,3826,4752,2229,4522,3399,,,
456,2377,1197,3322,895,4552,324,49,38,3799,2447,4189,,,
457,1951,924,2803,3690,2356,543,4746,3438,387,4581,7620,,,
458,4954,1545,251,4283,4922,4436,1089,4047,3794,4292,3440,,,
459,1030,1583,1732,3628,713,1994,1720,4936,3036,1883,2777,,,
460,4989,2086,1204,1899,4319,2126,3551,4151,682,621,4231,,,
461,3424,4101,2229,4093,4012,4445,2524,1791,4752,2516,3399,,,
462,682,4151,764,4392,4039,1611,3035,4823,2086,1382,4231,,,
463,1088,4477,4043,3381,4098,768,2310,2780,3091,4527,6335,,,
464,3753,3047,4126,4360,1993,4302,3232,4304,2296,4609,1297,,,
465,2832,1795,373,3494,2970,2639,60,4986,4904,634,2212,,,
466,4955,3061,4091,1995,371,240,160,4844,1753,4096,2757,,,
467,1715,1674,1254,2699,3932,2639,848,4252,2784,254,590,,,
468,4573,643,998,1516,1722,3459,4665,1473,4140,2119,4717,,,
470,3337,3084,896,2099,4659,2523,2188,1005,4603,812,4384,,,
471,4390,4576,64,1692,1994,1118,1906,3036,3237,700,2777,,,
472,2820,4509,2911,932,2484,2613,1204,2086,3035,1899,4231,,,
473,1087,4477,2681,3262,1102,593,1547,191,2271,4683,5648,,,
474,2101,3849,3537,2347,2354,3516,1150,4152,200,4615,5915,,,
476,654,1308,1957,1430,2155,3559,1202,1349,4867,2421,4053,,,
477,4005,3939,927,2949,4683,4489,242,437,3813,4473,1910,,,
479,3438,4126,1263,2667,2135,2854,1321,3882,109,4444,4253,,,
480,4044,4867,4335,357,2517,3192,4577,3780,3300,4953,6324,,,
481,185,2666,4791,1999,3336,4340,4366,1474,3847,2108,912,,,
482,4783,4207,936,3971,2232,3185,1121,4193,4893,1128,5825,,,
483,4760,14,3428,1684,1559,2287,1715,272,3337,4847,4096,,,
484,3290,4665,4115,177,4804,2730,186,575,4501,2409,7470,,,
485,1926,680,846,4071,4207,617,648,391,1014,744,2499,,,
486,4533,3409,1715,432,2051,4099,4390,4188,1465,3293,1252,,,
487,357,115,4096,1278,4683,361,3497,4469,4586,4171,6276,,,
488,3738,240,4640,2384,1690,4836,1600,3099,2617,2126,5319,,,
489,2831,88,4025,973,1751,3039,2155,4270,3333,99,3203,,,
491,740,2319,630,1172,104,3849,2300,4132,2121,2977,7790,,,
492,4218,125,2181,4333,713,4514,1993,882,4177,4724,7367,,,
493,3185,3928,1605,4396,4493,3244,845,1263,2778,3278,1833,,,
494,2101,2970,4904,2639,4338,3494,1224,2224,3018,4527,2212,,,
495,1709,3243,4169,321,478,4233,2634,4826,1725,4382,5185,,,
496,2848,2086,4335,1706,1983,3270,97,387,225,1118,2007,,,
497,1715,3335,1133,4892,1894,458,2549,251,4766,4493,1119,,,
498,4445,324,3424,3908,2229,2334,2511,4522,1791,509,3399,,,
499,1993,4226,1564,866,713,2631,4953,3616,3759,181,2817,,,
500,1429,1605,4005,3600,2851,2310,191,664,217,1486,1257,,,
501,4433,3018,2523,1957,4893,1087,2494,239,1002,4560,7229,,,
502,2139,1871,2494,1069,425,3018,421,1139,1957,1152,7229,,,
503,708,4124,789,4674,4913,3175,3274,2820,1951,3700,6906,,,
504,4783,647,1252,2220,193,708,2608,839,4836,2280,6906,,,
505,2548,3955,4005,2890,634,2310,4432,4325,191,664,1257,,,
506,812,679,88,5,1057,1160,1088,4128,4096,1278,6276,,,
507,3102,3335,3459,4096,3198,484,4478,2442,371,4754,3203,,,
508,866,1008,2988,200,1778,1087,1721,2051,1532,2338,5915,,,
509,1960,2887,484,4922,1288,320,3459,457,3048,2657,3203,,,
510,2434,4319,1443,282,1381,187,777,713,122,2657,5966,,,
511,10,361,679,4183,1601,2843,403,159,4658,2224,339,,,
512,2639,4436,391,2086,2294,4512,2232,716,2043,1252,1093,,,
513,21,1531,4965,4635,1709,4941,700,601,1270,2799,5106,,,
514,1646,2280,4207,89,4778,63,1475,3034,3564,2503,150,,,
515,2730,4674,3519,1946,4791,816,1855,575,3479,750,7470,,,
516,1599,337,322,1287,1926,2664,2933,3258,312,236,7557,,,
517,2848,1746,2516,387,4335,314,2755,1532,804,4397,2007,,,
518,1357,1287,983,2924,1567,3551,2730,3234,4595,1421,2512,,,
519,4270,1818,2139,2976,4851,2817,1564,1630,688,3217,393,,,
520,2730,2726,983,1421,3551,3234,741,3340,1567,4265,2512,,,
521,157,295,744,4091,4945,836,1633,2522,1087,4867,3184,,,
522,4643,1253,4190,4256,2267,1826,3444,4366,3977,4985,912,,,
523,3804,4713,2478,740,2319,2076,1172,3229,1281,3439,7790,,,
524,2586,923,1252,4409,1970,3371,1630,3155,4658,607,1252,,,
525,437,276,740,2458,777,2657,243,2170,106,553,7258,,,
526,3431,3313,3607,4012,1970,3575,4790,4245,396,880,3668,,,
527,396,3369,882,1993,1201,4642,713,3185,3314,2656,7367,,,
528,4128,1270,20,1026,1752,3942,4187,716,219,4179,2022,,,
529,2996,1580,1431,3018,4396,176,1089,3725,923,1648,3203,,,
530,1407,4907,505,145,2210,1894,2181,2138,3198,1825,1168,,,
531,4912,509,3454,4044,3102,4590,4577,4304,3192,2072,6324,,,
532,2676,331,3845,532,2319,4409,1948,4783,3971,3498,2509,,,
533,5,1057,4955,1128,1053,1736,3510,1604,1142,4151,1124,,,
534,807,27,1456,983,3496,4310,181,953,1431,3636,2148,,,
535,1846,3227,3476,1496,3483,98,1936,3889,2962,4299,335,,,
536,3278,3928,2263,4493,1705,2638,1013,2616,3155,2204,1833,,,
537,647,708,2355,1698,630,2251,255,2295,609,4651,6270,,,
538,4194,3662,2560,1087,4622,1896,35,2508,932,3685,728,,,
539,181,1837,3820,4954,1564,1749,49,713,2930,1856,2817,,,
540,1926,2848,2280,2342,221,4836,4446,1270,3018,2454,6270,,,
541,4069,4091,3963,782,1552,3942,1960,4266,2338,2354,3248,,,
542,4590,2501,311,3109,3438,2830,1055,2801,972,4445,5168,,,
543,1519,2674,1030,4390,2800,2459,3516,1252,700,2191,1252,,,
544,812,4501,3441,1946,475,3343,2474,2031,2445,4841,7642,,,
545,3152,4047,4096,3565,4275,73,610,1970,332,1778,8021,,,
546,2105,2377,4382,4128,15,4683,1538,1846,505,3322,6654,,,
547,617,303,4098,457,4745,2912,4596,2024,3109,3439,3723,,,
548,4752,4091,692,4053,4887,3258,2155,1158,225,4534,6696,,,
549,2280,301,856,3019,2289,2503,308,945,1646,1475,150,,,
550,3225,3282,1698,1263,1646,807,2454,2096,4710,4961,840,,,
551,3439,1902,571,4261,3571,617,2958,1205,647,3650,4964,,,
552,1252,2494,4433,2392,184,2888,4851,3238,2043,191,3440,,,
554,708,882,2873,2139,3204,4836,3424,2445,2319,4918,6270,,,
555,3636,1749,192,713,3496,227,62,562,3576,2113,5502,,,
556,3424,2674,193,2496,1653,2051,2849,3282,4989,972,5168,,,
557,3510,2639,2251,4284,3151,3100,1375,716,3198,598,1093,,,
558,4756,2188,3746,4043,4707,3094,4995,2848,923,4979,2809,,,
559,2496,2872,544,1749,972,160,4564,2970,870,4444,5168,,,
560,357,3300,4867,4090,581,3102,3799,3781,184,2307,6324,,,
561,1983,1706,2970,804,225,1018,593,2086,183,4640,2007,,,
562,251,1715,1835,1409,794,1735,2796,1751,4336,2657,1505,,,
563,283,4226,2181,866,3820,3375,3616,123,4954,1143,2817,,,
564,1343,4913,2607,4798,1684,1472,330,1263,4167,3445,7449,,,
565,1605,1519,4699,1252,1545,2885,4776,700,4443,2638,1833,,,
566,172,2052,4922,3192,3438,1755,373,942,1429,777,6324,,,
567,413,3880,2038,4720,4099,1764,3908,4126,870,3047,1297,,,
568,4126,1097,1749,221,295,3775,181,3537,4954,866,2817,,,
569,4722,4790,2522,4910,1825,4683,3813,2949,3151,3011,1910,,,
570,2848,3237,1005,2188,1720,2155,713,3955,3793,570,2777,,,
571,4955,900,4683,3685,949,2778,1428,1276,3928,1430,2856,,,
572,4783,708,2342,3498,769,3700,4738,2957,1774,4022,7956,,,
573,3366,2633,1711,2384,953,1202,1957,3820,3662,4534,4053,,,
574,3459,3164,1133,458,2524,1235,1055,2023,2970,3335,1119,,,
575,4783,1121,4193,408,3185,489,1128,1946,1172,248,5825,,,
576,565,4043,141,1563,2612,604,62,4814,754,4503,2001,,,
577,4562,2681,1087,3580,4683,4955,402,3262,4535,1622,5648,,,
578,2536,82,2514,2404,2377,3322,3370,2509,3974,1846,6654,,,
579,2280,2326,846,4394,1128,3555,3650,4960,989,1846,3497,,,
580,570,2251,2447,855,88,2832,1106,1571,1341,131,2131,,,
581,4589,4003,3267,2119,3571,3423,2326,3261,260,471,5058,,,
582,2681,4609,3041,1611,4302,321,3243,940,4910,1762,5185,,,
583,647,908,708,238,284,4642,956,4352,1287,1762,6270,,,
584,1405,2608,2988,2522,449,1455,4194,4093,2313,4475,4623,,,
585,4195,1721,4093,2522,4778,2906,4974,3144,2256,4735,4623,,,
586,4702,2518,4661,2342,617,2667,4086,4532,3210,2987,3723,,,
587,1522,3817,160,679,1196,1753,2139,2876,193,4349,5006,,,
588,1983,2970,4560,1504,3420,4577,2217,700,2086,804,2007,,,
589,181,1143,2853,3775,221,866,1564,3820,713,4963,2817,,,
590,1197,3262,1087,1519,3432,4950,12,2639,3955,391,1093,,,
591,382,30,809,1561,1253,201,1395,4799,114,2651,4574,,,
592,2338,3592,1262,3424,2524,1841,844,118,4012,324,3399,,,
593,1023,145,3459,4590,3192,1133,3198,3914,1394,2105,1168,,,
594,3928,2430,4955,4433,1405,2773,1276,3061,2937,4767,2856,,,
595,2549,1970,3770,2860,3942,4228,3319,607,2188,3094,1043,,,
596,610,332,1779,3949,1029,870,3565,4096,1252,4261,8021,,,
597,3728,2549,3793,465,1136,2988,3045,145,4880,2796,3486,,,
598,1571,2447,1486,3781,88,458,99,2616,2251,4338,2131,,,
599,2970,2086,4640,2755,3270,1118,2848,982,4335,1532,2007,,,
600,2912,565,4822,2523,4615,286,1835,3942,3189,425,1505,,,
601,3889,3813,4643,2160,4809,927,2255,2896,2769,1561,5695,,,
603,708,2274,2356,3207,112,1667,382,2866,583,1578,7655,,,
604,2530,3211,415,4573,2749,3813,750,2738,4565,4458,1388,,,
605,2773,4693,925,321,3391,239,2294,3420,1431,2246,6426,,,
606,2445,2656,4406,4841,3230,4084,2905,3314,4463,3655,3355,,,
607,1178,2256,1306,3407,2988,4927,3940,3510,379,242,4623,,,
608,700,804,183,2970,4322,4560,981,1983,1235,2848,2007,,,
609,3630,3459,1504,137,4533,3636,2599,1196,3524,4509,2816,,,
610,505,3459,2639,14,3335,1174,484,3774,3102,1574,3203,,,
611,3813,4573,3453,470,4501,4734,2666,1003,3923,1684,1388,,,
612,3932,3985,145,69,1752,284,2296,2953,3612,3791,7213,,,
613,276,434,4396,617,2409,2401,4475,3003,453,1029,1786,,,
614,505,1605,145,2004,4005,4386,2664,2349,2801,4551,4863,,,
615,4945,4396,1252,3873,3155,1263,3446,2038,1705,4099,1833,,,
617,2996,634,3424,1080,1089,3781,509,3347,4194,3681,7233,,,
618,1984,1684,2911,1911,4899,1113,2029,4798,882,1582,7367,,,
619,416,4956,1055,427,3144,130,3328,187,2637,3432,2200,,,
620,1388,3782,1537,1698,658,4411,4918,1832,238,1600,5319,,,
621,577,1486,3060,3650,4433,4534,1270,254,2617,1709,5106,,,
622,361,145,4814,2097,1934,1749,2876,1005,4304,157,7213,,,
623,2549,193,2256,1685,4143,4524,2970,173,3768,2238,5024,,,
624,4551,3799,2377,3974,4689,2447,2665,2543,1053,691,4189,,,
625,3342,187,3793,2694,4698,4907,150,4396,677,4955,6335,,,
626,3168,609,98,1813,3314,2088,203,68,2075,2206,7449,,,
627,1605,3885,1821,4005,1748,3068,1778,768,2462,4325,1257,,,
628,3781,172,4507,3584,3121,3192,2843,660,4590,2388,6324,,,
629,4005,3942,2848,4445,437,2543,1057,2536,789,259,5010,,,
630,266,4005,2885,505,21,2940,2946,3086,2801,1841,4863,,,
631,1287,983,4601,3494,2726,4203,1175,2730,2090,57,2512,,,
632,1945,1994,2319,4783,241,3127,2676,3971,554,331,2509,,,
633,3905,4499,3073,1482,14,4927,3001,617,3369,845,2832,,,
634,2470,2610,3479,3962,288,645,4513,2504,255,2649,342,,,
635,2531,3889,413,3873,1821,109,1605,4740,3446,570,3512,,,
636,3501,3506,1894,4169,4177,3685,2639,193,2454,11,590,,,
637,4635,3567,892,3828,3692,2803,569,2633,4757,1585,7620,,,
638,40,2342,3483,1667,3335,284,196,2454,4659,4876,840,,,
639,3282,2501,4143,193,298,1270,3424,2830,302,465,5168,,,
640,1602,1556,4382,266,4642,71,3282,3781,2229,581,3184,,,
641,3295,3942,828,2523,2354,4890,1278,286,4615,2912,1505,,,
642,505,3869,4469,740,2646,4032,64,1562,1409,106,7258,,,
643,3459,1842,1722,2681,203,2058,1926,2227,1613,330,4717,,,
644,2927,1333,4396,186,3735,2401,3506,3066,2033,740,1786,,,
645,4814,979,198,3891,604,3690,565,2095,2612,160,2001,,,
646,1454,2354,3942,4615,2523,2912,1933,828,1409,4890,1505,,,
647,4778,4836,2256,983,4097,2988,544,1785,2903,1140,4308,,,
648,1087,141,1270,3594,1212,3628,1794,3942,723,20,2022,,,
649,3537,272,348,4043,1933,4546,852,4179,565,2500,2001,,,
650,3900,4669,1056,2773,3420,4877,239,2273,3386,4693,6426,,,
651,1633,1755,3102,1190,2843,577,2158,4590,2072,4335,6324,,,
652,554,532,4783,1945,4943,731,4828,1478,1287,852,2509,,,
653,4091,4396,4098,1013,2912,4708,1601,1835,3341,3072,6696,,,
654,3652,416,3424,515,1349,4836,3210,3144,4927,2897,298,,,
655,2280,2274,4670,3320,140,708,4698,3483,769,4511,6906,,,
657,856,4478,489,945,682,4124,301,2872,1194,1646,150,,,
658,176,3047,3420,239,181,2773,3386,1056,170,1431,6426,,,
659,193,4390,1923,4233,2459,2384,505,1983,2704,4635,1329,,,
661,248,2549,150,221,3942,3391,364,4299,3319,2445,1043,,,
662,145,72,427,2953,1740,2499,2086,49,1736,289,7213,,,
663,3942,251,4098,425,565,2354,1409,3403,286,2796,1505,,,
664,1005,4019,411,2848,1118,3293,593,813,3237,1720,2777,,,
665,3930,1715,2912,3942,4098,4890,3189,2339,1370,3880,1505,,,
666,4302,3431,4665,3313,160,4012,1332,1970,3607,2100,3668,,,
667,276,453,2796,3198,740,4652,1857,617,925,175,1786,,,
668,284,856,4698,2830,2744,617,333,1478,1014,2848,4987,,,
669,1150,807,4527,1737,276,4047,2102,2088,4545,3774,8021,,,
670,2181,3775,1993,4871,1143,4626,1564,3289,4226,181,2817,,,
671,2639,1611,1667,4954,3146,2970,2496,3003,3732,2976,2320,,,
672,1736,3459,4907,3890,907,2210,2536,145,1322,3198,1168,,,
673,3732,4032,4954,2646,3093,3018,1174,4338,2970,1667,2320,,,
674,1519,4069,4179,245,3423,4091,2595,41,1552,936,3248,,,
675,4945,314,940,907,4101,2149,1028,458,3937,1493,3484,,,
676,3295,2523,2796,1751,4098,1454,4455,1278,565,4104,1505,,,
677,160,4950,3537,1933,2095,198,3576,4409,2500,3991,2001,,,
678,4398,4522,1262,3424,4752,4093,4867,324,67,3908,3399,,,
679,2122,2681,2301,3685,357,2031,4913,1136,3754,1313,4717,,,
680,1984,125,2911,2530,1599,4177,4642,2409,2511,2200,7367,,,
681,4836,4474,183,4918,1192,577,3438,1495,1698,1778,5319,,,
682,1578,2281,4086,3700,1681,2342,2589,708,1014,2422,7956,,,
684,3685,33,1857,4683,986,1698,4436,3204,2015,1514,2856,,,
685,3019,68,2632,1071,114,3888,4942,3519,3439,2295,5298,,,
686,983,3685,2162,2229,3189,3565,2052,2340,4642,2572,3184,,,
687,106,505,4477,3424,2101,1957,2447,4635,1871,193,1329,,,
688,2178,2688,4791,2130,1253,4366,3847,1415,3267,930,912,,,
689,295,3537,181,2887,713,3644,3375,2181,3775,4963,2817,,,
690,3459,495,1804,3369,3179,361,2198,2217,3238,3565,4836,,,
691,4177,1559,14,4847,69,343,2970,544,3337,1679,4096,,,
692,3022,1611,4179,2639,3873,2829,252,3537,938,55,4253,,,
693,3259,2139,1630,1708,999,2817,3506,4216,4609,1784,393,,,
696,2063,2726,2090,3551,3269,1287,1175,741,2730,3340,2512,,,
697,2280,352,2215,3383,3230,2221,3982,3555,3143,3576,3497,,,
698,1005,813,1994,2188,812,1720,4019,853,3084,3107,2777,,,
699,3713,772,3873,827,3476,1020,3261,4775,4652,2905,5058,,,
700,193,4524,2549,3446,4762,3058,173,1192,2256,4940,5024,,,
701,4091,4533,3064,3963,4283,4826,782,337,680,2166,3248,,,
702,708,1621,1287,976,248,4203,3519,998,4966,2756,63,,,
703,983,4396,3233,617,2548,14,1623,2657,1482,3496,2832,,,
704,3102,3781,3438,4922,3300,3795,4090,581,4818,4848,6324,,,
705,2458,4275,416,4005,3024,1475,1133,214,4910,3598,1910,,,
706,239,2773,925,1056,2294,181,4877,148,1431,2273,6426,,,
708,2356,1662,267,4018,1951,3828,3007,2803,2298,1437,7620,,,
709,4398,1437,2356,1703,839,4443,1951,2298,1585,4896,7620,,,
710,4096,276,320,1150,2639,2392,870,698,252,128,8021,,,
711,21,1504,1983,2408,398,2368,4965,2799,2392,3650,5106,,,
712,98,111,2088,1936,4599,4858,3519,609,2607,562,335,,,
713,2447,855,3347,2525,4110,3885,105,99,3942,4338,2131,,,
714,255,3315,2470,645,288,2203,192,3009,4645,3330,342,,,
715,4798,2200,4218,430,333,713,2911,1684,2204,4177,7367,,,
716,4573,4501,2260,4167,470,750,2666,1824,2518,415,1388,,,
717,150,554,1984,4394,924,163,2434,792,1585,1479,869,,,
718,593,1752,2830,3594,3410,3942,716,1270,20,4128,2022,,,
719,4803,4760,4752,3344,3107,510,3094,738,3827,3007,2809,,,
720,4299,988,2267,2530,40,116,3898,4778,607,3528,7642,,,
721,160,2095,4409,4814,4043,713,198,4719,4950,1062,2001,,,
722,3198,3571,4899,697,1854,1873,3423,617,1902,4377,4964,,,
723,4783,936,3971,2607,489,3099,408,4570,3185,4622,5825,,,
724,736,3928,829,4047,4686,3685,4,4683,978,4546,2856,,,
725,2730,4603,4064,1139,1607,3601,1611,2828,4910,1667,840,,,
726,145,505,2639,4275,1605,2489,159,4286,3928,4088,4863,,,
727,4126,1049,4302,2334,4304,1764,2296,12,4243,4609,1297,,,
728,3262,3735,3335,1728,2021,1332,4234,1818,4302,4609,5185,,,
729,1667,3018,2266,1681,708,2573,3071,2694,2274,4545,7655,,,
730,3575,880,160,1970,3313,1484,4302,4670,3759,471,3668,,,
731,4642,3459,1583,268,2843,4444,4790,1074,1091,2,5180,,,
732,1357,2436,1522,1611,4337,130,3635,4950,1343,4968,4253,,,
733,145,1633,505,4551,1686,3232,4286,2664,159,2931,4863,,,
734,2996,2390,4922,2799,1822,184,3113,659,2392,1252,3440,,,
735,4814,3732,4698,1667,2139,2667,1611,3102,1960,193,5006,,,
736,3551,983,1357,1567,4275,1930,2063,680,1704,1804,2512,,,
737,416,199,4167,2489,114,3226,4895,1038,3939,1181,1910,,,
738,4893,2523,2799,421,2617,1871,2139,3183,3481,1341,7229,,,
739,1409,1835,4577,828,3358,2851,1333,3456,2912,25,1505,,,
740,837,3949,3935,4187,1252,839,2478,1879,337,1671,7557,,,
741,3889,391,2250,710,4493,4876,132,4221,230,3483,335,,,
742,4124,4219,2872,1172,3564,2955,2280,2478,3019,4776,150,,,
743,192,754,3867,1395,3496,3410,2051,3576,2026,4390,5502,,,
744,2664,4386,505,4275,1841,2100,266,4482,3663,145,4863,,,
745,2445,3105,248,1605,3043,2549,4810,2326,1103,3391,1043,,,
746,2356,4018,4226,2298,4757,3438,839,4746,4635,3567,7620,,,
747,2409,882,1856,1911,4642,1993,4798,802,125,2200,7367,,,
748,3740,303,1252,457,1751,4372,4606,3645,4147,4703,6696,,,
749,1602,4533,2139,3630,565,2536,1794,3890,137,2832,2816,,,
750,719,4847,2139,266,4659,1667,565,1085,3337,1178,2816,,,
751,4932,3732,484,1074,4910,4986,1960,4386,483,1964,5006,,,
752,4954,181,866,4126,4226,221,3375,314,713,3775,2817,,,
753,3459,209,4209,1254,3565,3583,126,1580,4344,361,4836,,,
754,1886,3805,1818,4270,2139,548,200,3217,3979,3068,393,,,
755,266,719,3873,2536,3636,1514,3329,4342,1197,2832,2816,,,
756,740,2319,2478,2756,4408,2300,879,3571,3804,104,7790,,,
757,505,276,740,106,1007,2118,1278,3930,1418,2500,7258,,,
758,2523,3337,1173,1145,2033,3456,896,1933,4568,2796,4384,,,
760,361,3675,2876,145,69,1089,1137,461,4754,2086,7213,,,
761,2509,2412,2988,2990,4337,3791,3940,1736,4723,1023,4623,,,
762,3432,2773,2548,978,4465,1178,3685,3952,3928,3003,2856,,,
763,121,4408,4463,4876,3227,3519,2860,1684,3024,230,335,,,
764,382,617,647,2390,4217,1873,554,3805,4203,336,4964,,,
765,855,1821,1822,251,2616,2654,3781,3942,2890,3879,2131,,,
766,3636,132,192,4390,3410,1749,1395,3168,2051,562,5502,,,
767,2004,2543,2587,2101,3322,3799,2447,509,49,3338,4189,,,
768,3813,2295,2160,702,4643,583,2809,2718,196,3647,5695,,,
769,1994,1443,276,2256,3237,4807,586,3337,3565,1722,5966,,,
770,4396,1667,2082,2990,2811,3001,983,3905,617,14,2832,,,
771,4352,2392,2799,3650,4941,2941,4635,1270,1709,700,5106,,,
772,1212,4194,1087,617,3755,4579,3685,899,1134,3662,728,,,
773,2251,3885,1821,4560,2229,1739,2654,1324,3781,2890,2131,,,
774,1106,1075,2392,3794,2266,4169,2494,2146,4283,4954,3440,,,
775,225,4945,3955,1633,442,1429,1778,158,2516,2247,1257,,,
776,1037,2970,3217,1069,49,1305,3768,4090,4143,1856,2378,,,
777,181,3289,283,4953,3537,1143,314,1564,3496,1993,2817,,,
778,2313,1918,3271,807,505,3173,4683,2516,571,4535,6654,,,
779,3567,4746,4635,3692,1437,2356,4757,2288,2294,4097,7620,,,
780,2848,4836,1736,4303,3198,2516,99,4005,3424,3652,5010,,,
781,3685,4194,4622,1212,1087,617,4854,4940,2560,3473,728,,,
782,4876,3116,1586,4988,150,554,1331,563,792,3624,869,,,
783,4945,1736,3510,3928,2055,1486,1157,953,1142,2293,5010,,,
785,3347,1456,648,3793,117,2796,2678,664,1224,2988,3486,,,
786,2955,2478,2280,1646,2872,1752,489,1851,856,945,150,,,
787,708,2342,4738,4086,2957,3408,2422,1521,1122,1681,7956,,,
788,3372,3259,1753,2920,870,1557,4382,58,2937,1317,6276,,,
789,4098,3456,3942,794,1715,4577,2657,3600,3880,565,1505,,,
790,2280,2478,1218,4149,3861,201,465,3230,4876,3143,3497,,,
791,924,2288,1437,2356,1951,1018,3007,3690,4443,4398,7620,,,
792,704,2251,131,3781,1821,3600,4338,570,99,3059,2131,,,
793,4005,361,127,4551,4096,4936,4445,1074,76,4477,6276,,,
794,4986,3897,4206,2639,2970,1635,4904,3602,1069,1688,2212,,,
795,4446,4783,647,1984,2756,2549,2848,193,4493,4918,6270,,,
796,1262,3826,3424,4752,4522,4012,3592,4867,2229,3908,3399,,,
797,3267,4256,4985,322,2744,1572,1826,114,2267,2532,912,,,
798,266,1601,2732,1294,1753,3575,181,371,2217,3003,339,,,
799,3185,677,2393,2146,4396,1605,2816,2025,4493,1076,1833,,,
800,983,617,4524,3216,4396,4718,3905,3275,14,928,2832,,,
801,3510,4194,2968,1178,2988,3915,3118,852,1306,2522,4623,,,
802,2207,2377,2646,505,2458,276,740,1080,2694,3985,7258,,,
803,1984,4807,2784,4851,2041,1578,4018,1317,3949,3091,7557,,,
804,988,1630,462,98,2255,2649,2494,1665,157,4876,800,,,
805,3335,2912,3164,21,2436,2549,1894,2181,2794,1055,1119,,,
806,4352,1894,3928,2714,4337,2848,588,1270,1612,294,3184,,,
807,2993,4814,2377,4049,2256,2896,1552,1932,512,3058,4308,,,
808,708,3467,4783,2251,1418,4071,2848,4524,3338,3018,7655,,,
809,2139,4284,4788,2714,1066,200,153,1988,3068,1708,393,,,
810,324,979,2511,4093,3826,200,1532,3424,1791,4012,3399,,,
811,2256,1586,4876,283,4793,2576,792,4988,3601,151,869,,,
812,193,3732,484,1602,4738,4096,4691,21,979,361,5006,,,
813,983,1357,4265,2730,1287,3494,1175,4595,57,680,2512,,,
814,4826,4266,2794,4568,543,2595,1960,1567,1557,861,3248,,,
815,2820,1831,1611,4989,307,4823,2086,4646,1899,2126,4231,,,
816,3217,1089,3198,2639,586,191,4151,3725,1139,3794,1093,,,
818,740,276,4219,453,1994,617,401,3198,3066,4867,1786,,,
819,2280,4778,1752,4776,4217,1412,1646,1082,3564,489,150,,,
820,465,4520,298,2501,796,325,4493,4101,4790,4986,3217,,,
821,1984,3154,882,655,3995,4177,2313,1911,125,4798,7367,,,
822,4091,4069,4826,4179,2595,861,4568,303,1960,4533,3248,,,
823,2549,193,333,3768,1200,173,1630,2238,2970,1192,5024,,,
824,4270,4352,395,1818,389,1100,4239,3734,1630,3979,393,,,
825,2548,14,4396,234,2082,4927,4499,3369,1667,2309,2832,,,
826,3037,2905,837,3324,4392,2207,3383,2656,4726,2342,3355,,,
827,691,117,2404,3907,2907,815,1205,3041,2197,4902,1170,,,
828,3424,4005,4752,4888,362,3652,238,2782,2553,2356,298,,,
829,1113,4096,3061,361,4955,461,3651,4440,1038,3238,2757,,,
830,3763,945,617,1611,2975,2904,1155,1646,4446,3224,840,,,
831,1418,2525,522,4533,2100,2674,2459,2800,4187,4911,1252,,,
832,704,3942,3600,1341,2890,3885,1514,2447,2251,2229,2131,,,
833,60,1262,52,1611,2714,3146,3880,4640,3732,1409,2320,,,
834,1740,4305,2903,4836,2256,1294,2637,106,4049,4461,4308,,,
836,193,2377,3424,840,4635,855,2447,4398,2266,4016,1329,,,
837,2442,1088,1753,536,3061,4091,4844,4955,160,3778,2757,,,
838,1128,979,361,803,240,3565,4134,4349,3598,4342,5006,,,
839,3102,361,1074,484,2903,2595,4270,1667,4890,1734,5006,,,
840,3300,940,4169,3953,4950,565,3735,4578,4748,1728,5185,,,
841,1556,3781,1140,41,4642,3905,744,588,1821,1581,3184,,,
842,3651,679,361,181,2224,1601,266,176,4491,159,339,,,
843,4061,2058,3881,3336,2614,3647,2718,705,2088,1684,7449,,,
844,4386,3204,3810,1698,2773,96,70,2063,3308,4047,2856,,,
845,4561,2455,416,82,4127,3672,3328,3811,1932,4521,2200,,,
846,1646,856,3564,4778,2289,2872,2280,2533,2955,2495,150,,,
847,4228,3942,4458,1970,2326,677,3105,1103,949,3391,1043,,,
848,3094,3555,4760,3344,482,3628,1599,1545,3258,2038,2809,,,
849,617,2227,2638,3907,3543,4005,1421,182,344,2095,4717,,,
850,708,664,4674,617,4918,2903,1736,277,3732,956,6270,,,
851,1357,307,3643,4989,2484,1611,1868,764,712,4646,4231,,,
852,4352,2095,577,1871,1922,4474,4941,2408,2392,2651,5106,,,
853,2639,2831,2086,4888,191,2015,829,58,4188,4128,5010,,,
854,193,1388,4445,465,2830,2970,3109,3282,3567,2872,5168,,,
855,577,3060,601,900,2799,4352,1270,4433,1983,2941,5106,,,
856,554,98,562,3185,382,1621,2972,2613,337,609,335,,,
857,3732,1611,1174,1667,1495,1288,1559,198,2639,1030,2320,,,
858,740,3439,767,630,2088,562,3336,2319,2749,4713,7790,,,
859,3307,4985,2614,2549,1253,2445,98,1015,2444,234,800,,,
860,4207,2987,1172,4783,1706,3227,2608,3099,3151,1121,5825,,,
861,674,2384,2255,856,945,1621,4773,3483,248,3366,800,,,
862,2,1162,495,986,1184,4839,4874,1254,2097,361,4836,,,
863,361,4194,3369,3238,1880,986,4342,3459,3774,2651,4836,,,
864,4481,2632,3888,3109,4876,916,4393,2866,2295,3857,5298,,,
865,2458,4491,4955,1870,4868,2943,4683,3798,4047,4005,6335,,,
866,1252,708,2280,1940,4573,4239,4746,569,4987,3657,6906,,,
867,4098,565,1715,1642,4455,2657,3263,3358,1751,4615,1505,,,
868,4005,1583,3381,4615,3849,1592,4098,1951,2354,1088,6335,,,
869,361,1074,181,1753,1294,934,1601,2224,72,828,339,,,
870,682,2280,3019,3564,1172,89,2533,4789,2872,2478,150,,,
871,2548,4396,4524,3046,928,3905,3575,1667,617,3369,2832,,,
872,1711,4738,98,312,326,157,2562,2444,3453,4651,800,,,
873,2755,4640,2970,3420,2086,2338,387,3292,2722,67,2007,,,
874,1630,3805,1818,3880,4216,3183,4284,3506,2139,688,393,,,
875,4723,708,1951,2220,18,4798,4783,1715,1585,647,6906,,,
876,946,3685,1492,1037,4963,4398,3650,2494,1550,2149,3484,,,
877,1140,4836,4814,1740,2903,152,1084,2125,4810,4412,4308,,,
878,2549,2377,1235,106,1373,3438,2953,3424,3799,193,1329,,,
879,3335,565,3455,321,2100,3300,940,2681,4447,1332,5185,,,
880,205,4207,98,2075,4651,2206,203,40,1263,2688,7449,,,
881,4760,4177,14,4847,1715,2970,2287,544,522,343,4096,,,
882,609,2778,1049,1252,4126,1854,2165,3258,3290,4074,7557,,,
883,4814,198,62,4019,852,4043,3268,3537,3576,754,2001,,,
884,4398,1202,3820,2421,953,2633,146,4762,1252,2384,4053,,,
885,2739,1178,3483,3091,113,953,767,532,3226,945,2683,,,
886,676,193,1630,3045,3499,1795,1868,472,2970,3689,2378,,,
887,2549,4142,4762,4398,2155,1252,3545,1349,3820,4867,4053,,,
888,465,1673,4664,4290,4634,286,601,2501,2726,2651,3217,,,
889,4091,303,4568,936,4261,3423,2354,1519,245,4340,3248,,,
890,3102,577,4228,184,581,1633,1755,3795,4922,3192,6324,,,
891,1252,4922,3165,2941,2931,2494,3794,99,4895,4751,3440,,,
892,4352,3963,157,1633,294,148,4642,2848,4945,525,3184,,,
893,1451,276,2409,740,1029,617,4652,2927,1994,3735,1786,,,
894,3582,1219,3270,3986,4477,189,4926,4955,2681,3293,5648,,,
895,2158,4622,3685,1087,940,4194,3799,617,2555,2560,728,,,
898,708,2280,4776,193,647,3290,2911,113,1071,2821,6906,,,
899,4098,1088,2301,4005,4918,3192,4577,2511,4880,3695,6335,,,
900,170,1684,3982,633,4847,4659,4973,4001,309,1715,4096,,,
901,4783,647,1252,1984,786,1357,193,2820,1567,708,6906,,,
902,4986,388,601,1192,2549,2794,2799,395,1388,193,3217,,,
903,324,4093,3424,3908,4019,4752,2338,4867,2511,844,3399,,,
904,4793,2607,2544,1926,1684,2255,3619,391,3483,2322,335,,,
905,3685,3796,4940,969,617,2560,1056,4579,1087,4194,728,,,
906,2326,2955,1706,3151,4193,248,2350,936,1642,1172,5825,,,
907,983,4814,1306,839,2256,4836,1740,2988,2125,455,4308,,,
908,1602,586,634,69,2513,3928,4945,3100,332,4833,1257,,,
909,4493,1605,2033,3244,3278,3873,1139,1013,2393,700,1833,,,
910,1486,4297,2139,3794,2616,3738,1856,2645,302,1324,1124,,,
911,4349,2377,3501,2256,1084,983,106,4814,4927,1623,4308,,,
912,4603,2523,1062,1200,3084,1145,812,896,1695,3337,4384,,,
913,663,3442,4366,1999,2688,3444,3267,2178,4024,1253,912,,,
914,4098,4091,4752,1252,1605,4053,1545,1552,4534,4396,6696,,,
915,2714,1174,648,285,4126,1854,601,3982,2160,4041,7557,,,
916,1715,866,1778,2545,2755,4477,3335,1611,4545,2703,3203,,,
918,4986,4493,2970,2702,432,2549,952,1324,3014,4790,3217,,,
919,815,1212,691,1005,982,1080,1791,298,3345,4902,1170,,,
920,3424,2511,1532,200,4867,1266,4752,4012,2516,1018,3399,,,
921,4533,1240,2051,165,3593,866,3849,2179,1149,1162,5915,,,
922,4954,1143,866,4953,283,4152,4226,2930,2887,4126,2817,,,
923,391,2614,63,2090,4084,3168,214,154,2860,1595,7449,,,
924,3995,4783,1647,4071,647,3431,4650,3227,3212,3389,1511,,,
925,2178,4190,4366,2744,1253,1826,2108,1474,4643,4985,912,,,
926,14,4411,2522,4594,150,3238,3690,70,4918,677,6335,,,
927,688,1747,4142,4524,935,953,2549,4773,654,1454,4053,,,
928,1174,2430,3207,692,648,1599,4533,953,1879,1037,7557,,,
929,4194,3685,1087,2560,617,1212,2508,2158,4622,940,728,,,
930,922,3438,2970,972,2501,565,3826,3282,1012,1270,5168,,,
931,2377,3351,855,3424,1373,193,2970,1957,2912,3037,1329,,,
932,677,2179,2311,14,2509,1007,1960,1492,4005,3930,6335,,,
933,3483,166,1585,2472,98,3307,4463,2031,3227,4129,335,,,
934,4507,3584,4867,3781,3121,184,2888,3102,942,1139,6324,,,
935,391,255,645,2504,630,2833,3962,1893,4960,3835,342,,,
936,903,2549,193,2459,3424,840,505,4247,3345,982,1329,,,
937,238,3625,2941,1795,1270,4179,1137,1762,2439,2401,5319,,,
938,3442,2666,663,322,4985,930,4817,114,1572,2178,912,,,
939,1818,1764,1856,1100,413,4609,4554,2296,4319,4099,1297,,,
940,4778,1646,2280,682,2872,3594,2503,856,1475,4124,150,,,
941,2163,416,3811,1652,2553,2191,3432,4453,82,444,2200,,,
942,2392,1922,1709,4352,1871,4556,948,4534,2368,2055,5106,,,
943,532,852,1945,4783,4943,554,2319,2860,1109,2726,2509,,,
944,2848,1145,3793,2188,3628,1049,813,1732,64,1005,2777,,,
945,2639,1030,3018,2970,60,461,1667,3093,2976,2646,2320,,,
946,99,4828,2842,4340,2221,2999,2769,382,1550,2031,4574,,,
948,4879,98,205,2025,2160,2327,845,2688,2958,1263,7449,,,
949,388,1648,3594,4319,973,2833,109,3252,4136,1550,4987,,,
950,4836,4284,4698,3424,416,688,3509,2359,4445,2933,298,,,
951,4411,1178,483,4691,3467,3952,1430,1428,3061,4337,2856,,,
952,740,2441,4132,2749,767,1812,879,180,1333,2088,7790,,,
953,3150,4349,2462,3829,4477,1074,3292,4899,4469,1005,6276,,,
954,2842,3098,2872,341,2250,1561,3670,2023,201,4674,4574,,,
955,532,1116,2860,1357,4943,4783,1790,4770,2446,1946,2509,,,
956,4854,3685,617,1056,4194,1087,2560,1686,2508,940,728,,,
958,1646,1752,3528,489,945,4778,4898,2495,301,1082,150,,,
960,484,4207,345,960,145,301,3267,2508,4194,1911,2499,,,
962,2988,4752,4533,1994,3537,3565,1087,866,2354,1217,5915,,,
963,437,2848,2377,3510,2200,4005,453,3942,4922,2866,5010,,,
964,2088,740,2756,3439,3551,3571,2076,816,2749,1066,7790,,,
967,3510,692,1169,4047,1235,2086,3168,1752,4533,2251,1093,,,
968,1252,4493,1705,1139,2025,3873,1263,1963,2887,3390,1833,,,
969,3048,3100,240,480,844,484,749,1667,4640,4545,3203,,,
970,3528,3781,4783,2445,4207,3290,3441,2848,1921,4826,1511,,,
971,1128,4698,4683,643,4491,3192,1023,4043,373,467,6335,,,
972,2832,4110,131,1571,2251,1493,88,3781,3885,24,2131,,,
973,2549,1711,1952,165,953,3545,1109,1349,1252,2599,4053,,,
974,2256,2430,1276,1448,1254,4169,1405,1303,373,4302,590,,,
975,3565,4927,1994,4949,276,1443,3895,4319,2608,713,5966,,,
977,324,3900,1778,240,113,472,3057,1682,695,4434,5319,,,
978,3551,4665,2474,2409,4841,2730,3519,3095,3479,2562,7470,,,
979,2281,2203,1774,1578,4738,2686,1014,80,4783,708,7956,,,
980,30,201,382,114,3774,1548,1922,4799,2380,250,4574,,,
981,2770,744,2101,2996,70,251,3386,3153,983,3846,6009,,,
982,1087,1150,1008,2577,1721,442,866,3826,3565,4267,5915,,,
983,361,2217,4658,2621,181,371,1601,3798,134,2732,339,,,
984,4501,3593,2175,2474,44,3835,3695,4261,1782,2031,7642,,,
986,1270,4556,3060,2368,1922,4635,2538,254,1983,2296,5106,,,
987,882,4642,4177,1984,3001,3314,3290,125,2200,1599,7367,,,
988,510,4752,2848,3344,1883,3746,3258,1835,3588,1545,2809,,,
989,4622,3685,2560,4940,1212,4194,3799,3662,2158,1056,728,,,
990,145,3459,2694,3630,3198,2138,4594,3652,1736,1695,1168,,,
991,969,3662,4282,617,2555,3685,1056,3796,1212,4622,728,,,
992,64,2155,570,2188,3107,3237,2082,3793,853,31,2777,,,
993,570,2848,2082,3526,4576,1720,812,2500,2155,3265,2777,,,
994,1633,3438,3102,357,4953,942,3795,3799,4590,660,6324,,,
995,2511,1791,1648,4019,4012,2229,3424,509,4101,1841,3399,,,
996,1253,630,3143,1922,1337,2031,4828,2142,4985,30,4574,,,
997,1788,3524,3068,2778,191,4248,1778,99,4945,3841,1257,,,
998,4674,3774,114,4799,3015,2651,201,2527,3252,711,4574,,,
999,2803,2298,4226,4635,4018,4581,2440,1951,839,3438,7620,,,
