,0,1,2,3,4,5,6,7,8,9,i1,i2,nl
0,2851,565,1735,2339,1217,1751,3189,4098,1409,1715,1505,,
1,4756,1921,4101,3483,389,3665,1752,908,4798,4981,2683,,
2,4715,4194,3424,3930,281,3198,3781,4560,142,3612,7233,,
3,4245,2063,1136,4012,880,2100,1431,1860,4790,3575,3668,,
4,630,1922,1253,320,4799,3098,2023,2946,1181,267,4574,,
5,2908,2322,345,3024,1697,391,1220,4493,205,45,332,,
6,3459,3335,2313,2352,2549,655,1133,251,4239,2740,1119,,
7,1270,4965,577,874,4433,458,601,1922,4556,1504,5106,,
8,4842,3715,4757,4702,2125,2287,2987,4396,459,3713,3723,,
9,3238,1580,427,495,10,1254,4344,4194,1162,2188,4836,,
10,4579,634,3781,3198,3985,1080,4194,1341,3901,3347,7233,,
11,1854,3650,647,1704,1873,571,2495,1821,3441,1475,4964,,
12,3183,3510,4284,2616,1089,4188,598,2188,4301,2639,1093,,
13,708,2589,2503,3406,9,2478,1014,4570,2518,4086,7887,,
14,1984,186,516,3285,4665,3480,2833,107,3269,163,7470,,
15,2854,2549,4738,3483,4091,397,3431,132,705,740,800,,
16,2639,276,2841,1779,4851,1252,2703,4096,2097,3531,8021,,
17,2510,4869,1224,2740,4396,3450,558,3826,4635,1449,3502,,
18,3337,2912,3799,3145,3189,1174,4568,1695,1532,225,4384,,
19,4228,660,4044,1139,1755,3102,2517,357,184,373,6324,,
20,14,4096,4270,2639,923,240,2455,1129,1240,2277,3203,,
21,1454,1735,2912,1217,3456,1835,25,4577,1751,251,1505,,
22,4524,3324,4393,2342,1911,3307,2260,4457,3109,367,3355,,
23,2937,3952,4955,916,3810,3685,2811,4807,2275,570,2856,,
24,4018,1703,2633,4226,839,1437,2356,2440,267,463,7620,,
25,3732,4640,4303,4318,3068,193,3371,2912,2639,2157,5006,,
26,2021,4720,3300,3335,4382,1709,1611,4748,4954,2392,5185,,
27,361,4440,1753,4955,2229,240,892,4096,160,1493,2757,,
28,2104,708,3207,4738,2422,4022,2342,4783,1122,2220,7956,,
29,680,3234,983,1945,4265,1287,4275,3551,2726,57,2512,,
30,4577,25,2354,3600,828,425,4104,251,67,4098,1505,,
31,1338,4689,983,1611,1711,2313,3344,2549,3533,3781,7946,,
32,2210,145,3794,3454,495,3058,3598,3930,3061,1313,1168,,
33,4337,2455,1056,4275,3386,2968,1178,4885,4661,4881,2148,,
34,4194,1087,2158,940,3685,617,3799,3662,932,4622,728,,
35,432,4187,1706,3081,4874,4443,1532,1252,4143,3785,1252,,
36,2251,2229,2616,3942,3602,3879,3781,2516,1069,313,2131,,
37,1633,15,3198,2996,216,1224,3424,4579,4194,4101,7233,,
38,1178,216,2063,1698,4683,3810,916,3432,3928,986,2856,,
39,617,4622,2508,3662,2158,4194,1896,3052,4854,2560,728,,
40,509,1812,98,3704,2549,3483,2222,856,4398,2444,800,,
41,1252,4932,1728,2377,1736,3510,3198,4888,109,2639,5010,,
42,3271,4284,3045,708,3628,3185,4725,486,112,3097,7655,,
43,3885,2516,1821,1822,2251,2229,4626,251,142,3781,2131,,
44,4545,2055,4474,3153,398,458,4162,4534,3650,1246,5106,,
45,2657,2851,25,4098,794,3358,3942,828,449,4455,1505,,
46,3810,4349,3003,181,266,2629,1927,361,75,2621,339,,
47,3453,2530,2749,3442,4599,4115,4870,4366,705,415,1388,,
48,3003,52,4954,934,1611,2639,3768,1409,198,2496,2320,,
49,4091,1404,4954,2442,115,461,1038,142,240,4440,2757,,
50,1841,4005,505,1236,1367,2639,266,2801,2102,3086,4863,,
51,3571,4111,1014,4652,793,1020,4843,3383,2352,252,5058,,
52,403,4658,131,1074,2224,3810,421,176,1601,3651,339,,
53,20,3600,4187,1270,2459,3628,4477,1752,3007,591,2022,,
54,3068,704,4270,1139,3229,1988,20,1671,2976,3183,393,,
55,4509,2496,1428,1611,2086,1357,2408,2849,1204,4989,4231,,
56,1357,4634,2105,1556,3593,4039,2639,1531,4337,553,4253,,
57,2820,3958,98,3660,708,744,1357,4836,330,4798,6906,,
58,1008,3198,216,1007,3652,3914,2179,2181,1133,4001,1168,,
59,760,141,4974,3046,62,4950,754,3537,272,892,2001,,
60,2609,176,2773,1056,148,4743,239,181,4877,3802,6426,,
61,3121,880,984,2251,874,4955,3224,160,145,357,5648,,
62,708,2220,4783,1578,2282,4738,2957,4022,1479,3792,7956,,
63,3151,663,4570,1470,571,4939,1549,248,1850,2795,5825,,
64,2342,3307,2445,3314,249,4457,837,4393,524,3389,3355,,
65,2970,3282,2301,558,1749,2830,2902,3153,870,3305,5168,,
66,145,2251,160,4955,3580,1335,2895,3224,3826,4304,5648,,
67,1984,4665,2409,1911,4501,924,1004,1867,367,2730,7470,,
68,145,3338,4318,3003,3061,1136,189,3014,4479,204,3486,,
69,1522,2251,636,112,489,2833,4783,522,1519,953,7655,,
70,2848,813,4390,853,1583,456,2155,713,1994,871,2777,,
71,4778,4960,4501,116,2530,3528,2474,3441,2445,1554,7642,,
72,2516,1493,855,3347,105,2251,2448,411,1822,3602,2131,,
73,193,2549,4524,1200,1630,3026,4520,2136,1211,94,5024,,
74,1287,1994,554,532,2860,320,36,3971,1478,2726,2509,,
75,1287,983,3340,2726,2924,1478,524,4024,4275,4601,2512,,
76,193,2377,2912,3351,2266,3007,4560,3424,4390,97,1329,,
77,4893,1128,2608,1121,4402,1470,489,2955,4193,571,5825,,
78,4814,760,979,1927,348,2612,3268,713,3846,4409,2001,,
80,4635,4534,577,700,2368,4941,1270,1089,458,1983,5106,,
81,238,1252,2799,2055,2251,3625,183,1778,1604,2247,5319,,
82,983,14,3905,2506,2548,56,3386,2008,1402,307,2832,,
83,704,4090,4867,1690,2968,502,5,1856,3738,1411,1124,,
84,4396,1705,1431,2393,1519,288,1605,2204,2778,4527,1833,,
85,4390,1732,2155,3237,3526,2848,1049,522,3293,2188,2777,,
86,251,456,4771,3338,1053,2447,2377,3932,2507,213,4189,,
87,1737,617,4789,3024,2221,789,107,255,3314,4981,2499,,
88,647,708,2280,3424,2104,3483,4879,2274,4913,44,6906,,
89,1128,4193,1549,3185,2987,2350,2608,1946,3099,571,5825,,
90,3808,465,4211,2101,1695,723,2953,4499,411,0,3502,,
91,1752,2833,4493,4981,940,3687,3370,3397,1522,3175,2683,,
92,1013,674,4069,953,4283,4803,3511,4396,4053,4533,6696,,
93,617,4854,940,3724,4194,1966,3685,3799,4622,3473,728,,
94,3551,983,1357,1567,4275,3427,2730,57,3494,1287,2512,,
95,1128,1663,1667,195,3046,4718,4524,3210,14,4767,2832,,
96,2912,1062,3799,3337,469,4603,225,4717,2796,4332,4384,,
97,2848,1706,3420,700,67,97,2086,4577,4640,4335,2007,,
98,453,1522,4778,2799,2086,1764,3121,3932,1856,3358,5010,,
99,3732,1611,1667,934,3018,461,198,2970,2639,1224,2320,,
100,4842,266,829,1178,565,3459,3386,3329,4533,2832,2816,,
101,2342,837,4457,3109,186,89,3417,4392,3230,1116,3355,,
102,740,4715,437,4074,2207,3930,4771,2377,3251,1007,7258,,
103,1653,193,465,922,3424,3768,2970,1055,2113,1749,5168,,
104,3391,2260,1605,221,2703,3105,140,2860,1970,677,1043,,
105,4757,892,4097,4635,3007,1913,1437,387,1585,2298,7620,,
106,2945,3915,2056,3510,3791,4955,1048,2313,3793,4778,4623,,
107,4783,532,1790,731,2503,1287,331,36,1945,488,2509,,
108,193,1037,3880,1795,3768,49,2970,3045,1262,1868,2378,,
109,708,4086,205,2874,2944,4674,2972,1287,2478,554,7887,,
110,3558,248,1549,2608,1946,4783,3185,2795,571,1048,5825,,
111,145,648,189,465,4479,1755,2830,2549,1224,3580,3486,,
112,145,3061,4275,4088,266,1591,4551,123,3917,4286,4863,,
113,4814,2377,4349,4097,4459,1306,1020,983,1011,4836,4308,,
114,2188,495,2586,2217,986,1804,361,3300,2198,4520,4836,,
115,647,4573,1873,3424,4876,3095,3290,1704,1173,708,6906,,
116,3510,2538,1192,3024,2040,2639,1252,3198,2885,3153,1093,,
117,2610,192,231,3543,2470,4140,976,391,645,641,342,,
118,193,3932,1980,465,2872,2970,1653,2674,3424,160,5168,,
119,248,2549,3783,150,2390,364,1103,3094,1605,3963,1043,,
120,2666,930,4985,114,185,1253,4256,4366,4490,3336,912,,
121,1464,952,4847,934,2970,2784,3337,14,3990,272,4096,,
122,3545,1493,940,3612,1550,3662,4963,4649,4233,1871,3484,,
123,1711,3459,2639,2392,1682,2755,217,2538,1806,634,3203,,
124,1252,648,4807,2478,2756,69,3192,4945,1087,1449,7557,,
125,1720,3767,109,3889,4932,768,1178,4187,1522,2667,4253,,
126,3019,2280,3564,2921,301,5,4219,489,1412,1475,150,,
127,361,3497,1957,3372,2101,1306,812,960,1752,4349,6276,,
128,3813,2850,4565,4573,415,4599,2178,2472,4575,3949,1388,,
129,1486,4474,1983,577,2538,1871,1270,4534,1089,4162,5106,,
130,708,30,1014,4086,4107,1287,2874,571,3406,2518,7887,,
131,40,1475,3109,645,1646,4966,3483,3127,2456,3423,1511,,
132,248,617,4396,3713,3210,942,459,132,2052,1733,3723,,
133,4005,4710,3885,321,664,1778,296,3145,1128,2851,1257,,
134,4652,2301,2830,4989,4574,193,2801,2040,3282,3204,5168,,
135,4341,255,2610,288,856,4960,641,3962,512,645,342,,
136,1448,688,362,3335,1254,1674,4147,4932,2310,217,590,,
137,2274,979,2795,402,861,1522,2086,1749,2250,3371,7655,,
138,2639,1611,3333,4932,4749,1523,4444,1942,3779,1758,4253,,
139,2744,366,1550,2848,1665,626,3441,1014,1238,2830,4987,,
140,1088,4642,268,3459,4716,1836,577,2608,1074,2006,5180,,
141,4634,1758,3410,4778,2034,356,4325,1825,2906,2968,4623,,
142,4005,145,2639,4357,4275,2931,266,3928,4551,1993,4863,,
143,4913,4798,40,1942,3483,4879,475,1209,1585,4537,7449,,
144,2549,2970,2238,4762,3058,193,173,4520,1200,4121,5024,,
145,201,1646,2280,4778,3528,89,3564,220,1752,301,150,,
146,2639,1270,2612,130,4885,2897,2829,921,4574,1611,4253,,
147,532,391,284,1854,4579,3314,3459,4493,3397,2756,2499,,
148,2639,3018,461,3880,1667,364,1095,3732,3342,174,2320,,
149,268,895,4194,3459,1409,3952,2608,1753,4203,217,5180,,
150,740,3551,4574,3804,2749,1561,2756,879,3571,816,7790,,
151,1252,4275,4096,895,3441,2392,1970,2036,1737,730,8021,,
152,2996,1075,4214,3715,740,705,1705,98,4398,1957,800,,
153,3198,2639,716,88,1405,191,4533,109,3510,2300,1093,,
154,4881,2455,4310,2387,181,27,3386,953,983,3122,2148,,
155,982,2086,2755,2722,3420,812,97,1532,3358,593,2007,,
156,3607,2063,4012,1484,1491,3759,1970,3575,4665,228,3668,,
157,4501,4643,3813,663,2518,2955,2666,988,3063,3949,1388,,
158,4751,1715,3066,1418,4533,1519,2179,634,1451,1706,1252,,
159,193,2549,1200,3446,2238,1630,4940,1192,2970,3058,5024,,
160,2551,321,3047,3802,1056,4693,2340,2862,2246,239,6426,,
161,679,176,2348,10,361,1601,1810,4183,2438,181,339,,
162,986,3238,361,3459,1184,2799,2217,3823,2021,3757,4836,,
163,3183,704,3198,2616,4128,1599,1089,645,4284,4411,1093,,
164,4177,4760,3337,3108,633,780,1464,934,3759,871,4096,,
165,3510,1252,645,4217,2300,3100,1087,3198,2086,3232,1093,,
166,1791,4479,2853,4034,1205,691,1841,3041,2197,3345,1170,,
167,3375,283,713,1837,4126,1143,3289,1635,4963,2887,2817,,
168,866,4871,713,1143,4126,1635,1564,283,1905,4954,2817,,
169,3320,3164,1460,4876,3015,4071,990,2530,3476,1984,332,,
170,1181,30,1253,341,4674,382,2651,2686,2769,3923,4574,,
171,2356,2294,3007,1913,4757,4443,2633,463,4226,4018,7620,,
172,4783,786,88,708,946,3185,839,1783,673,1519,7655,,
173,1060,1136,3431,2063,437,4790,1484,1491,396,1267,3668,,
174,2392,3459,4770,3061,1695,444,505,145,2522,2682,1168,,
175,3386,2294,492,925,181,2168,176,2862,6,4138,6426,,
176,1118,2848,3955,2155,1720,3793,64,723,3237,1732,2777,,
177,983,1128,335,2309,2506,736,1667,2990,3210,3778,2832,,
178,2848,543,923,4615,2940,4842,1835,1164,4707,3094,2809,,
179,4783,647,976,786,2820,555,708,125,463,4836,6906,,
180,1479,4783,3792,4086,1681,2342,708,2957,2667,1578,7956,,
181,125,4876,4665,1263,193,1164,1567,1854,1472,4283,6906,,
182,1014,3792,4738,2342,4136,2702,708,1359,823,4506,7956,,
183,786,956,3628,112,3814,2086,3804,674,673,773,7655,,
184,181,3820,3375,2631,1993,1143,4626,2181,2887,3775,2817,,
185,3372,1740,3322,66,1038,46,4382,4535,4668,3462,6654,,
187,4683,2318,1405,1698,2436,4436,3467,3952,3810,2548,2856,,
188,2940,4019,165,4432,870,1162,713,565,4532,3432,5915,,
189,357,870,3018,284,2377,3424,1349,3510,2933,398,5010,,
190,2756,708,4793,1621,3506,2730,45,2702,1287,234,63,,
191,3068,1143,3121,2251,4640,4034,174,4656,453,4561,5010,,
192,1646,4493,4854,4599,2638,4799,598,3483,1142,1178,2683,,
193,4955,4683,2548,3928,1178,2689,3369,4546,3810,986,2856,,
194,2430,463,2146,4284,416,4445,4005,4961,4836,3812,298,,
195,953,4867,1711,2155,2421,654,2549,3366,1252,4142,4053,,
196,2256,276,187,1517,4927,3565,3260,2349,3939,1443,5966,,
197,3907,4902,1005,2907,2021,1791,3041,1212,4034,1080,1170,,
198,1695,4216,465,723,2510,3265,1583,4869,2851,1224,3502,,
199,4955,3494,4465,3753,1679,1178,70,2334,4887,3467,2856,,
200,948,398,1089,700,1922,3060,1983,4474,2799,4534,5106,,
201,2351,1752,3594,1646,3034,4124,2495,2289,682,3406,150,,
203,3459,1313,4716,88,3179,601,3625,2006,3650,1970,5180,,
204,4955,3885,2912,3282,3905,4382,4304,3736,2294,2678,3184,,
205,145,2443,4880,2988,4208,1224,3003,4564,4318,295,3486,,
206,605,4826,2736,4556,3685,2454,1630,4302,2390,4177,590,,
207,740,1355,4132,1172,1281,4908,4734,3439,630,4018,7790,,
208,2291,4793,98,248,1209,3209,4599,140,1813,1846,335,,
209,2179,200,1162,536,2338,3565,320,1532,1994,4533,5915,,
210,4110,2105,3438,3091,895,3224,1746,2393,324,1762,5319,,
211,903,193,1605,4760,2256,4579,1517,1254,1405,1970,590,,
212,3781,1871,4194,4715,3424,4965,3930,281,3612,216,7233,,
213,1715,1464,14,2313,522,309,2783,4970,1738,1679,4096,,
215,4642,2911,2548,211,713,125,3004,1684,3314,882,7367,,
216,4642,1428,320,105,4171,4206,115,3238,4912,2158,5180,,
217,708,205,391,1287,2944,4086,3406,9,4988,554,7887,,
218,3273,617,3909,4396,1557,4086,2342,3663,4757,2311,3723,,
219,935,3735,461,4194,2,3300,3179,2799,126,4496,4836,,
220,2833,2874,1984,1613,4665,3857,710,3479,2663,3554,7470,,
221,216,3347,4945,4895,1262,3795,3685,15,4101,1037,3484,,
222,4086,2972,554,1287,205,708,2944,9,2478,2544,7887,,
224,3406,4463,203,3958,4798,391,705,3483,3439,609,7449,,
225,4960,4140,710,2395,2470,856,1116,641,2803,2833,342,,
226,3175,4918,1205,496,150,2342,3685,2281,807,284,840,,
227,1089,1983,2617,212,3681,404,458,4635,398,2538,5106,,
228,554,4876,4394,2614,1936,4493,3995,2250,1684,630,335,,
229,1379,4683,4025,2392,4118,1896,2920,3145,1753,4121,6276,,
230,2274,2104,3271,1240,1085,2300,2736,3207,786,1549,7655,,
231,4640,2639,1341,3342,1667,2970,1686,1611,1556,3003,2320,,
232,3335,1715,902,3459,3628,3096,2549,251,4766,1087,1119,,
233,2848,53,41,3146,4382,627,3885,3282,4302,1871,3184,,
234,1711,1736,2015,1324,3259,2101,3018,3781,1428,3165,7946,,
235,324,2377,4317,49,3322,2004,3974,895,4771,3338,4189,,
236,1008,4533,1994,3565,2051,4752,636,320,3347,1721,5915,,
237,3198,4396,186,3066,4197,2507,740,453,925,617,1786,,
238,532,488,1357,3269,1948,320,3971,2446,1812,852,2509,,
239,2474,2835,367,3519,2530,4817,1946,1979,575,177,7470,,
240,1728,266,1270,4757,1550,3293,617,165,1813,284,4987,,
241,2559,1647,2510,3889,1354,1821,2113,1403,1172,2975,3512,,
242,773,1089,586,4128,3510,4533,2139,1778,4537,432,1093,,
243,4573,3063,2178,2614,3923,186,3442,2260,3813,1071,1388,,
244,3386,70,983,4162,1732,3488,836,2996,1166,4814,6009,,
245,4409,4783,4828,1357,320,2676,532,1945,2944,731,2509,,
246,3483,2653,1369,2536,3985,505,1030,2392,584,3224,6654,,
247,4167,3968,4573,2178,3923,408,3949,1765,2614,3453,1388,,
248,4783,708,3483,2206,203,3859,2619,3963,4778,4989,6906,,
249,4319,513,704,3232,870,3805,1049,3908,4286,2278,1297,,
250,1646,4207,3594,3854,2478,2410,5,682,2872,1082,150,,
253,3224,284,3335,98,1698,4888,4561,2342,1611,268,840,,
254,2511,4798,125,2506,736,1936,2436,2530,211,3154,7367,,
255,4193,2795,571,2608,1128,3865,3227,1697,1946,248,5825,,
256,3459,983,4642,4895,1547,2991,2511,3841,2341,1379,5180,,
257,3237,3955,3084,2155,1005,2188,1906,1362,713,1030,2777,,
258,14,2548,2657,983,2811,307,54,4718,3496,1648,2832,,
259,1647,1605,4411,3889,432,234,2975,3155,1821,3185,3512,,
260,145,505,2639,4005,3232,4482,3086,1993,2100,1100,4863,,
261,1921,1646,4207,337,230,1004,554,1960,3175,4987,1511,,
262,25,794,1735,1933,3358,3930,4577,3189,1715,1454,1505,,
263,3908,4302,2334,3232,3805,4730,1818,4040,4319,2296,1297,,
264,361,2522,145,198,284,461,1933,3345,4814,4342,7213,,
265,4955,4005,3936,744,2430,70,150,3690,3578,3188,6335,,
266,361,4090,3555,2799,4019,3509,4904,49,813,2377,7213,,
267,1611,1357,2496,764,2820,2911,1428,3019,4646,4235,4231,,
268,571,3971,2795,1642,1946,4813,4193,1048,2607,1172,5825,,
269,784,2522,3144,361,152,1749,3930,1635,4652,157,7213,,
270,2639,2612,4045,4337,1357,2989,1055,1522,4932,3882,4253,,
271,3238,4642,3060,902,4194,2843,975,4710,3903,1903,5180,,
272,2773,1698,1178,932,3728,373,2976,3524,252,483,2856,,
273,1778,738,3146,1217,1240,4560,2577,4615,3826,4752,5915,,
274,2458,3625,4352,1821,1062,2356,4233,3573,1778,2384,5319,,
275,2256,3510,1455,27,2522,4194,604,2412,1178,4400,4623,,
276,4128,3322,505,66,4683,2111,3463,3584,2509,802,6654,,
277,3510,284,2639,4005,3652,3914,1158,4535,3122,716,5010,,
278,193,2549,4016,1224,509,903,2678,3424,4635,2704,1329,,
279,2178,2267,4791,3444,3252,4340,2666,1415,3267,454,912,,
280,2575,1509,2149,708,80,1578,1604,2848,4071,4284,7655,,
281,14,3428,343,1072,4659,1684,522,3759,4177,4001,4096,,
282,4084,2207,4463,2342,3389,4392,3127,2656,1582,3314,3355,,
283,3952,4683,634,3156,2146,274,1178,916,1405,4546,2856,,
284,744,2770,2523,4814,2976,4459,949,4532,2796,1732,6009,,
285,4491,1199,1681,2024,2912,2058,617,4086,4193,2518,3723,,
286,634,1089,4194,2345,3198,4965,216,15,3681,404,7233,,
287,3510,3183,4564,1690,1762,1736,768,880,1192,1214,1124,,
288,1494,643,21,4302,3300,668,1980,2392,3183,565,5185,,
289,4382,3308,1178,4968,2968,4735,2034,3915,1455,1736,4623,,
290,4671,3432,444,3811,4204,187,4956,3081,2637,3030,2200,,
291,1715,4401,4533,3073,3102,4270,3335,2354,1611,2830,3203,,
292,69,1928,1715,3635,940,3165,145,3509,2442,1740,7213,,
293,303,4283,2354,4533,3831,41,337,4568,3557,3963,3248,,
294,4665,2100,880,870,4245,4012,1795,2063,352,1332,3668,,
295,4091,4096,1404,1753,2442,659,2617,3059,2703,4440,2757,,
296,812,4854,1711,1306,3397,18,807,4683,284,3335,840,,
297,4179,3268,1495,160,4546,272,4814,198,852,565,2001,,
298,1315,1140,1683,505,2646,2500,276,3058,2197,740,7258,,
299,2549,3108,2445,2593,3770,726,4817,1164,1103,1605,1043,,
300,4734,2756,1172,1066,2144,2300,3439,740,1281,767,7790,,
301,2296,3138,4534,2055,2368,2095,2408,3060,1709,1504,5106,,
303,764,1611,4989,2086,682,932,3551,4235,4319,1357,4231,,
304,4499,2442,198,3753,2639,70,1196,99,3558,505,3203,,
305,4097,3732,4032,4312,3228,198,2525,4564,52,2496,2320,,
306,130,1252,1611,55,1531,3873,3440,4804,2436,2908,4253,,
307,4783,50,2829,3018,1864,4022,2251,2694,3336,1522,7655,,
308,14,2222,145,1684,2037,132,388,98,2739,3355,2499,,
309,3391,1056,2551,4877,2246,176,2273,2862,4138,925,6426,,
310,1556,2639,1795,3494,2224,3897,4730,1341,99,4772,2212,,
311,276,2639,4275,4477,4954,3949,1970,252,800,4851,8021,,
312,3058,38,49,251,2587,324,895,4445,4551,3322,4189,,
313,1835,1601,1013,303,4283,225,4534,3746,4069,2975,6696,,
314,1181,322,2076,3591,1613,4071,4943,2160,2295,4601,5695,,
315,3885,704,3942,3602,3544,2689,1493,2449,855,1324,2131,,
316,1449,88,2654,855,2251,2890,2448,1514,3602,4626,2131,,
317,2392,184,1822,4233,1106,1961,2799,1545,4411,3794,3440,,
318,4140,630,4240,1893,4717,2119,3479,2833,645,554,342,,
319,1755,2861,4044,4922,3795,4304,2888,357,4090,4867,6324,,
320,361,4096,4091,160,14,240,1113,3759,2442,1088,2757,,
321,348,2993,141,62,3046,4043,198,160,1062,1933,2001,,
322,2139,3934,1341,3866,1262,1069,21,1957,1152,3018,7229,,
323,4411,772,3267,793,4652,4775,2119,1705,3336,4899,5058,,
324,2296,4284,4290,3782,1836,4128,2086,72,610,4162,5010,,
325,2255,3813,2847,3647,927,1991,4028,4830,3889,4071,5695,,
326,150,45,4876,205,3439,3476,367,1926,255,1263,332,,
327,617,2518,1125,300,1980,3715,3439,4722,1441,2350,3723,,
328,336,2536,3753,283,343,3459,4533,3873,1196,565,2816,,
329,3007,4398,3424,820,53,193,522,2459,4560,3351,1329,,
330,4149,4028,2075,2076,2160,927,3226,2295,3267,4601,5695,,
331,4501,4115,4366,3813,3063,516,2544,1684,663,4408,1388,,
332,1611,983,3781,3183,614,2149,1673,1711,1221,2348,7946,,
333,4462,4778,4770,1604,3001,3510,4851,173,4497,2964,1124,,
334,3510,1857,242,2968,4305,4723,1102,2856,2608,4350,4623,,
335,708,3438,2833,3018,2409,2905,3661,300,3207,2575,7655,,
336,3768,193,2872,934,1856,1795,2970,4090,542,4402,2378,,
337,3201,4128,1484,3226,4025,3483,3295,4902,1276,2322,2683,,
338,2848,4760,677,3746,1370,4707,4842,4752,738,1164,2809,,
339,4091,2912,4642,3105,251,3885,1140,3685,2146,4941,3184,,
340,4776,4783,2355,571,617,2353,337,3995,2222,4340,1511,,
341,4601,2847,1979,2295,2178,3226,4149,927,4071,2160,5695,,
342,2111,1400,2951,2756,2510,2215,1172,2280,1713,1014,3497,,
343,1014,3207,1578,4783,708,3498,2342,3700,2220,4738,7956,,
344,193,688,2740,2657,2310,4177,4986,4661,862,4826,590,,
345,1984,4501,3290,1943,1946,231,4665,57,924,1944,7470,,
346,4783,1087,2086,3206,323,181,2342,234,647,1762,6270,,
347,2968,276,784,3337,1517,3939,979,1443,3565,4927,5966,,
348,4446,2756,1646,767,648,4482,1601,3175,4918,4275,840,,
349,4783,647,3995,1253,4207,2355,1873,1263,1371,4981,1511,,
350,836,2996,3329,3386,1166,2101,251,3153,2162,1532,6009,,
351,4798,44,2221,1713,1172,3628,989,1686,4149,4028,3497,,
352,1548,505,2058,3058,855,193,2384,4635,3428,2970,1329,,
353,2229,4093,509,3559,324,2511,4752,3826,2516,3663,3399,,
355,3037,2342,524,89,45,3324,186,1911,234,1116,3355,,
356,4458,2666,4501,2518,3211,2465,2022,2178,1463,516,1388,,
357,4302,2964,1611,581,3300,521,1429,4609,2634,4233,5185,,
358,4491,125,2280,4661,1276,4493,3198,1993,3519,181,6270,,
359,54,2599,1588,1437,3459,249,3890,3753,3386,2824,2816,,
360,4888,2430,1233,389,870,1600,737,4040,1219,3517,5648,,
361,983,324,88,3201,4642,1778,3459,2063,731,1995,5180,,
362,442,4995,664,3068,4710,2646,0,321,4580,3604,1257,,
363,903,3930,4398,2912,2447,2377,2897,3037,505,3438,1329,,
365,2730,1287,4601,2063,1357,3234,1478,4048,983,4275,2512,,
367,3826,4093,2338,4445,324,2229,1532,3424,509,1262,3399,,
369,3165,4954,2996,1961,3177,2356,4233,4436,3060,3142,3440,,
370,536,1013,1287,3267,1854,4533,1449,3192,1782,1879,7557,,
371,4005,2511,3131,3066,4814,3794,1993,2682,4796,4275,1910,,
372,1479,252,1922,1567,1548,2999,250,2527,1550,711,4574,,
373,1736,704,173,1818,4226,3794,1794,4922,4301,921,1124,,
374,505,2041,3545,4683,3462,3372,4791,2595,1740,1023,6654,,
375,617,4622,1087,2508,3685,1896,3662,2560,1686,3796,728,,
376,713,1008,1857,1125,3555,62,3496,192,562,764,5502,,
377,983,4738,4096,1139,198,223,1517,2320,1611,1074,5006,,
379,3459,1667,2824,4730,2832,2139,719,1178,2599,4509,2816,,
380,1495,4409,287,2500,565,4719,2612,3991,4950,4814,2001,,
381,3047,364,4640,4398,1555,4462,1538,1066,4195,1246,1124,,
382,324,4932,2280,2342,4738,532,3524,3198,4888,20,6270,,
383,4985,1253,1479,1337,1548,1550,2495,630,711,2380,4574,,
384,3335,2392,4169,4851,4302,38,3953,521,4950,665,5185,,
385,2217,2639,1252,276,3565,1778,1095,3573,3531,4261,8021,,
386,3675,2086,2848,183,812,4560,2338,3358,1504,982,2007,,
387,239,2773,3386,181,2273,4138,148,2294,4336,1202,6426,,
388,2970,1568,4940,2345,1054,4143,4687,3446,1200,3350,5024,,
389,1611,1204,1357,4319,2484,307,2820,932,2408,4392,4231,,
390,2548,4396,3210,983,1128,54,2082,2604,1623,4494,2832,,
391,4457,4573,216,203,3459,4961,3949,3143,4888,3611,4717,,
392,2638,9,1936,3307,4858,3571,3423,3314,4299,1586,332,,
394,332,4096,1778,2639,276,4261,2703,4047,2392,254,8021,,
395,2393,113,1181,1531,3942,1913,2251,2575,2848,4741,7655,,
396,2280,505,453,647,3164,4738,2848,1133,1178,413,6270,,
397,2862,3837,2273,1056,3900,2551,4877,2609,181,4336,6426,,
398,2162,836,3386,4576,2523,2770,4814,4461,744,4844,6009,,
399,4091,4098,1158,674,2816,4945,1055,4533,567,4740,6696,,
400,2447,2558,2118,251,4551,3322,4093,2004,2941,4762,4189,,
401,112,4640,1604,772,2274,2356,2251,2409,1864,1683,7655,,
402,1646,1142,4879,2104,837,2548,532,4194,2189,1126,2683,,
403,276,27,740,2796,3198,453,3003,3735,434,4652,1786,,
404,475,1704,4595,3314,630,2749,330,4481,4299,3012,7449,,
405,3636,1749,4503,3496,1043,1125,562,3576,3168,192,5502,,
406,3565,3237,371,2256,137,1370,1443,3060,4956,784,5966,,
407,3386,1732,136,2996,2523,1532,2162,580,3329,836,6009,,
408,4005,3459,3509,908,544,2025,3330,203,846,2801,4717,,
409,3423,647,3494,3805,4478,89,1704,3227,2957,4899,4964,,
410,3183,2799,239,4560,3055,4739,1152,2139,3648,1338,7229,,
412,4005,4683,4583,4171,569,2392,357,1057,1219,3934,6276,,
413,713,1648,979,4445,4012,1262,3424,4752,509,4398,3399,,
414,1472,3923,2160,98,3737,341,681,3754,1572,475,7449,,
415,1984,248,151,4876,2322,4394,1585,3116,140,1230,869,,
416,3237,1362,2500,2155,1030,3293,4936,1732,3107,2188,2777,,
417,2274,2795,3018,4086,1946,4640,3681,2831,1522,3072,7655,,
418,4169,4874,1715,2784,4533,2116,4094,4634,1418,448,1252,,
419,505,571,2377,4683,3584,2105,197,3681,4049,1918,6654,,
420,1252,3198,109,2639,704,645,1778,432,1169,3290,1093,,
421,40,2088,4299,2894,3343,4467,2031,2267,4569,475,7642,,
422,4814,3046,62,4950,892,2095,1498,4019,4162,4719,2001,,
423,2639,1495,3342,4640,1341,1174,3003,1288,3782,1667,2320,,
424,1178,565,1324,1667,1602,3409,719,3459,272,1648,2816,,
425,2093,2549,4115,4091,1846,3431,674,1646,3185,4756,800,,
426,1646,2280,4778,301,1521,2955,3019,945,2289,2495,150,,
427,2105,505,4049,2653,4434,4016,4535,1918,1928,3578,6654,,
428,193,2989,388,4826,704,3604,903,277,3501,1429,590,,
429,4954,3732,885,1069,1262,4216,2639,3342,2496,1667,2320,,
430,298,4034,117,4479,982,3041,3907,1205,2824,1005,1170,,
431,3164,373,3459,3630,3335,465,4766,4143,3628,1715,1119,,
432,4789,3977,1406,2848,1646,647,1253,3431,2833,3909,1511,,
433,2749,4573,2260,3923,1071,186,2472,4458,1684,2738,1388,,
434,3498,320,852,3127,1287,2944,1357,532,3971,3907,2509,,
435,388,2784,3066,796,4188,4409,4169,4443,3100,2525,1252,,
437,3192,3102,4335,3221,172,4912,3781,3795,581,4304,6324,,
438,4683,4005,2243,3381,137,2989,3794,4854,3675,4489,1910,,
439,2377,2118,2903,2993,4778,1306,1927,2843,4546,1740,4308,,
440,3835,4960,2119,645,2291,4617,2031,2650,391,4140,342,,
441,2101,4986,1224,3494,2639,2832,373,28,2545,3897,2212,,
442,2510,4488,570,1605,2975,3760,413,1821,109,3185,3512,,
443,2155,812,2188,1145,4390,3628,3107,2848,1049,1994,2777,,
444,1252,160,3393,2639,109,2667,3635,3908,3438,2798,4253,,
445,3100,4842,3102,3403,1611,2639,1912,505,3152,1493,3203,,
446,4798,45,3355,1988,1984,941,2422,4318,4136,3015,63,,
447,2274,1984,125,1578,1953,116,4876,4215,3740,42,6906,,
448,4642,882,125,802,3314,4983,620,1984,3607,2452,7367,,
449,4989,2911,2086,1611,3551,1357,4443,2446,3035,1382,4231,,
450,3810,978,2976,1178,4683,2689,3728,3928,2937,274,2856,,
451,2549,882,109,1711,1254,81,240,3732,2273,4986,6270,,
452,1230,882,1944,2658,4642,4798,1984,2944,2200,2313,7367,,
453,586,3337,276,137,1443,2162,3565,1722,2657,1517,5966,,
454,2101,3217,983,70,1202,251,1732,3386,4844,3153,6009,,
455,4828,1561,711,4985,488,2842,3670,1337,114,1550,4574,,
456,267,4757,2633,2294,1703,2356,2803,1662,3438,1951,7620,,
457,4336,2975,3142,1751,2912,2155,692,1601,543,303,6696,,
458,3888,4683,4005,4930,2949,1133,3290,4275,214,197,1910,,
459,4783,1116,2649,488,731,3971,36,532,1945,2440,2509,,
460,3888,242,3125,4005,1595,1475,4895,2949,3598,1038,1910,,
461,3635,361,3802,3576,2377,2876,240,4090,1038,1152,7213,,
462,1690,2717,874,696,4301,2251,2300,88,645,109,1093,,
463,4382,66,2430,4535,2377,4049,3928,302,2536,2595,6654,,
464,3267,1014,3571,772,827,1015,4899,4843,2352,2203,5058,,
465,2848,4738,1359,532,160,2280,4661,3335,2545,3198,6270,,
466,4204,3030,416,1055,1980,4671,3081,3144,3432,46,2200,,
467,361,2377,2086,76,72,3675,1927,3637,1740,145,7213,,
468,4091,14,361,240,1995,1038,1753,3778,1088,1633,2757,,
470,532,331,1790,320,1116,2319,3127,3971,2860,4409,2509,,
471,1,2130,2532,4481,4791,1474,4817,3977,3847,322,912,,
472,1913,1951,924,1703,892,4097,2356,4757,3567,4443,7620,,
473,3113,251,2970,3428,4493,2740,2348,1388,3164,3265,1119,,
474,225,4568,1278,3337,1200,4603,4659,1563,1005,1695,4384,,
476,4783,708,2342,2866,4086,3207,1014,1681,769,80,7956,,
477,98,1684,4592,205,2958,2025,1595,2921,2688,4167,7449,,
479,554,3479,2031,4575,512,976,3624,4645,630,4680,342,,
480,117,474,2040,815,298,4165,982,1841,4902,2824,1170,,
481,4005,69,3955,1602,2462,1276,2404,2439,4669,855,1257,,
482,456,509,3932,2377,4445,895,324,1053,3322,2118,4189,,
483,3990,2488,3428,1684,3759,1464,343,934,1738,3108,4096,,
484,976,391,2111,3314,1859,283,4493,710,3647,3024,332,,
485,1736,1711,3018,4164,2136,3652,1611,983,4248,2149,7946,,
486,2368,4635,1871,2799,1983,900,3060,3650,2055,3153,5106,,
487,2639,4986,3494,4527,2101,2970,2885,2545,2832,52,2212,,
488,2256,248,104,140,2576,578,4600,3601,1586,924,869,,
489,4382,4532,1736,2988,3510,1023,463,4206,302,2,4623,,
491,3837,2773,181,239,3900,2246,2609,4336,3420,2862,6426,,
492,145,3936,1335,1142,265,1087,3077,4535,4683,3224,5648,,
493,4203,2063,4601,4275,680,4595,1287,1567,524,1357,2512,,
494,2638,4457,789,3903,998,2508,4888,4761,2111,1516,4717,,
495,3066,740,3405,276,3198,925,2401,1333,617,175,1786,,
496,543,3555,4842,1835,4615,2848,4707,677,4752,4979,2809,,
497,1087,4128,298,2830,4560,3942,593,2204,3446,1037,2022,,
498,837,2207,3037,3786,4026,2342,1116,4393,3923,3324,3355,,
499,4833,1472,2075,1755,1317,1684,3840,3040,3026,337,63,,
500,160,2784,1611,3779,461,3613,3635,1212,2105,174,4253,,
501,4783,36,2649,2676,532,1945,3971,2319,320,1994,2509,,
502,3781,617,704,193,3335,209,2639,4169,217,2454,590,,
503,3230,45,2445,2326,2342,3923,1911,3314,3037,3109,3355,,
504,3571,40,2445,57,4261,2144,2088,607,4960,4501,7642,,
505,2274,2545,1873,116,4836,1143,3657,1230,2251,4778,6906,,
506,708,2342,4738,4506,80,2203,1014,1774,4086,2702,7956,,
507,2256,193,388,4216,4474,3685,2197,1157,1673,4493,3217,,
508,3018,4433,239,4965,3558,2799,1568,3866,1441,4893,7229,,
509,2756,3571,4037,2300,3089,1737,3229,3551,816,3439,7790,,
510,4778,1178,2856,2988,4927,2095,4955,3144,4112,2540,4623,,
511,647,1854,3392,3626,2010,3805,1856,4899,1970,617,4964,,
512,3768,4940,3058,2238,1200,2970,4524,4520,2549,227,5024,,
513,4304,4803,307,2469,1049,472,4319,932,3594,1856,1297,,
514,4091,4814,1734,4491,4955,2283,3102,4738,4096,4270,5006,,
515,2749,740,3571,2478,3849,2756,1172,1066,2607,104,7790,,
516,181,4954,3820,1993,3616,4226,2181,1564,4871,283,2817,,
517,3335,4961,1611,4275,1755,2050,284,986,1646,2779,840,,
518,4642,2538,3932,268,1753,1778,1615,1074,983,1184,5180,,
519,532,731,241,3269,1357,3907,4783,1946,1994,1116,2509,,
520,2377,2447,324,3322,2941,4762,3974,2004,244,509,4189,,
521,2848,4642,4101,3282,4945,1262,294,2548,4635,836,3184,,
522,3267,147,2905,3261,1014,2326,2119,627,4111,3873,5058,,
523,3335,1715,1370,373,3602,209,99,4169,1674,11,590,,
524,866,3565,1531,3432,1162,363,2354,1150,2101,1030,5915,,
525,1873,3607,4916,4899,647,554,382,3198,4377,2958,4964,,
526,4783,1353,3423,391,3770,2848,2222,4158,4966,337,1511,,
527,700,3068,4005,4025,1788,1276,1633,191,4432,3885,1257,,
528,3102,4477,2968,1517,2632,72,4623,1522,1583,3802,5006,,
529,3314,1984,3519,3043,1561,98,44,4764,2250,3571,335,,
530,4789,1353,2267,647,2355,4665,239,4783,2304,4124,1511,,
531,3783,2549,221,2390,1605,3770,949,2703,2972,3105,1043,,
532,2163,1736,2150,4090,3738,5,4955,4850,3099,855,1124,,
533,1653,1252,2756,648,4945,3258,1854,4533,2160,2010,7557,,
534,4005,4722,3066,3226,2143,4016,2890,437,1595,3097,1910,,
535,4012,3424,4752,3826,2524,3908,1648,4522,4093,1266,3399,,
536,1611,3003,2970,4640,3880,1514,979,4044,3782,461,2320,,
537,1711,3820,3533,4507,1252,4579,2549,4398,2155,688,4053,,
538,2549,2188,677,3043,4575,2150,4488,1164,1103,2445,1043,,
539,4443,4169,1252,4143,2784,923,4874,1334,4533,1715,1252,,
540,4888,296,3366,744,416,4961,3424,2782,515,3121,298,,
541,3949,750,2835,171,516,4841,236,1004,3971,163,7470,,
542,4028,3647,1979,3813,182,2295,927,186,322,2160,5695,,
543,4240,630,2031,4960,3330,856,3019,710,793,645,342,,
544,3497,130,2370,2880,3188,4128,4096,679,2681,3829,6276,,
545,3369,4410,4194,361,4874,3685,1236,2586,3287,1184,4836,,
546,2756,4493,3201,484,1205,586,1722,1854,2122,1635,4717,,
547,617,1087,940,4622,1896,4854,3052,3662,1686,3685,728,,
548,145,198,1254,284,2086,175,723,2377,3891,1740,7213,,
549,1287,554,331,4943,1357,4783,320,532,4770,488,2509,,
550,4842,4752,1599,4043,543,3628,457,1775,4760,3677,2809,,
551,4493,4005,1139,1674,2681,1945,1713,4553,530,2422,4717,,
552,472,1856,4803,3594,704,4720,2278,1993,4040,1764,1297,,
554,1686,2639,2102,505,145,421,2664,3153,4482,2191,4863,,
555,2756,1116,1041,14,521,209,4789,284,708,4752,2499,,
556,3480,2160,3813,3889,1991,3267,3226,4467,1828,1561,5695,,
557,3216,617,4927,3275,14,3210,3111,4718,2990,2604,2832,,
558,679,127,3225,4034,361,4275,357,3637,1306,4603,6276,,
559,3424,67,2511,4012,984,4445,3908,3826,1841,713,3399,,
560,3424,3866,4579,458,3338,3681,4292,3901,2743,3781,7233,,
561,1118,3939,3810,1722,1443,979,4047,1517,713,195,5966,,
562,719,1715,332,4533,2313,1957,2830,3335,1611,1711,3203,,
563,109,3198,432,3262,4446,2251,3024,4151,4047,3432,1093,,
564,2639,1611,3782,461,174,934,1556,2525,4640,1200,2320,,
565,1200,198,60,3768,1667,4564,2970,1556,1611,2496,2320,,
566,3019,916,3472,2317,4393,3439,2250,3519,2632,2223,5298,,
567,4493,1545,4527,1705,288,4443,4396,677,1181,4699,1833,,
568,1200,4954,461,1030,994,2041,1611,979,3018,364,2320,,
569,4195,3510,4778,3794,3183,1736,4090,1690,2139,2680,1124,,
570,3962,1561,2076,4737,68,3267,2178,3813,2096,3226,5695,,
571,1252,4776,4527,1263,2854,3928,3155,1013,4360,677,1833,,
572,4932,193,484,3604,4926,2139,3068,432,72,4887,5006,,
573,1270,2872,2970,3768,4524,3109,1388,2301,4652,2496,5168,,
574,3345,4479,1791,2853,1205,815,3437,3816,474,4092,1170,,
575,3794,2392,4751,2799,2996,3165,331,2300,1013,4954,3440,,
576,3095,4695,2835,2619,236,3551,4665,3269,3655,1824,7470,,
577,2501,3820,193,160,768,3438,1102,4773,4851,3204,5168,,
578,4005,3424,2430,2301,4761,58,3901,4284,4445,1685,298,,
579,4292,70,4963,4945,940,2678,4895,3612,3662,1550,3484,,
580,880,4245,1484,2063,2100,3575,4138,396,1277,3431,3668,,
581,1715,1751,565,2851,3880,4098,425,1835,794,25,1505,,
582,1143,1993,181,4126,2181,2887,4954,3775,1749,866,2817,,
583,266,361,828,4349,1927,3810,4658,3662,1601,1074,339,,
584,2988,784,160,2412,130,4532,4955,3144,4718,1736,4623,,
585,3381,4661,3122,3386,356,3905,55,4275,953,983,2148,,
586,4171,4252,1844,1056,27,1178,3381,2455,983,676,2148,,
587,3799,193,3037,3424,1224,704,4477,53,411,4637,1329,,
588,320,1008,2988,4533,866,4532,1778,1240,3146,2347,5915,,
589,2267,4024,4791,4190,4340,1826,4817,3442,663,2178,912,,
590,4698,1129,4895,2155,4043,3381,4491,1178,1322,4868,6335,,
591,3183,983,2796,2246,744,1202,3153,1732,1254,4814,6009,,
592,4091,361,1404,4955,2229,240,2703,1038,4844,1559,2757,,
593,4245,3313,880,1431,4692,437,4665,352,796,1332,3668,,
594,2256,3565,3237,28,3576,4807,2608,1994,839,784,5966,,
595,4789,3564,2848,3889,203,3140,3571,4219,647,1646,1511,,
596,4981,391,98,4481,2025,3491,3483,1043,3168,3863,7449,,
597,4412,3459,2210,2978,4961,1736,175,972,3198,2179,1168,,
598,1782,2912,2350,2342,4722,4842,4757,1335,457,3109,3723,,
599,4470,3551,1911,4675,4674,2730,3857,4791,2874,4817,7470,,
600,1951,2356,1786,4757,4719,1734,569,4635,3286,1662,7620,,
601,1993,4243,4803,43,4319,76,4302,932,480,4609,1297,,
603,1646,5,856,63,3564,2495,489,1752,945,2307,150,,
604,4071,4702,1646,475,3227,3781,234,203,1176,571,1511,,
605,617,2560,940,2555,1087,4854,4194,3796,3662,4622,728,,
606,2223,4573,186,2260,2666,2749,2731,4565,516,2022,1388,,
607,708,1984,367,789,2835,4028,1460,925,3423,4149,63,,
608,4091,4642,1224,4881,1522,3282,1856,1871,2300,646,3184,,
609,4034,2853,4479,2824,691,2404,2040,3437,474,1005,1170,,
610,3459,565,3873,4730,160,2313,1588,2139,3753,588,2816,,
611,117,1005,1841,4902,1212,742,2021,2404,815,4034,1170,,
612,361,3979,1196,1522,2320,2780,3237,193,4491,4955,5006,,
613,193,2830,1270,544,558,1728,3424,2301,3282,4564,5168,,
614,925,4197,276,2835,1158,3066,3735,3536,617,740,1786,,
615,3099,1778,2310,1602,3841,4248,4869,191,3741,1667,1257,,
617,505,145,2639,4005,4088,2489,536,2885,2100,2940,4863,,
618,3438,4443,1951,1703,3286,3567,387,4097,2356,1437,7620,,
619,2179,4532,3648,1778,2988,4564,1841,2354,2338,866,5915,,
620,3018,70,3183,1262,3866,425,2784,21,1341,4560,7229,,
621,2092,3423,2957,647,3227,2958,2083,1854,3805,3626,4964,,
622,983,4814,251,3386,3183,2101,744,3217,2976,4844,6009,,
623,647,1854,2958,3650,2921,1332,3198,1856,617,4124,4964,,
624,3650,201,4064,2280,2248,1014,3143,3285,4149,2563,3497,,
625,740,276,2409,617,453,4652,2507,186,3198,3628,1786,,
626,923,4505,4760,4842,4043,2848,3677,4752,4995,3746,2809,,
627,740,2756,3551,767,4408,180,3336,2607,3229,3439,7790,,
628,1983,314,982,2848,812,456,3270,4600,4640,67,2007,,
629,2217,2392,3730,71,3531,1252,1029,1970,4545,332,8021,,
630,1128,2280,2740,2563,2221,4064,3206,4105,2243,1412,3497,,
631,1287,741,1175,4275,57,1357,1930,983,4024,4627,2512,,
632,505,4668,3450,740,276,187,2118,2377,1080,456,7258,,
633,4760,4659,633,14,1720,3759,3107,4847,1072,69,4096,,
634,3880,4126,1775,4302,3594,3047,307,1856,4803,1784,1297,,
635,2086,2496,3019,4039,621,3551,861,1611,712,4646,4231,,
636,4091,1519,4826,543,4179,1567,936,314,3423,4283,3248,,
637,2280,1460,4960,4028,465,3545,132,3417,3861,3581,3497,,
638,72,176,828,3575,3050,3662,3810,2843,361,75,339,,
639,2832,4730,2639,2866,4986,2970,1069,4338,4904,4206,2212,,
640,1646,1357,532,617,4194,475,3445,953,4569,3187,2683,,
641,3483,702,2821,203,2088,1209,3859,98,4393,4798,7449,,
642,4177,1984,211,4899,3575,1582,125,1201,3314,2506,7367,,
643,1601,1605,3258,674,2978,4752,4098,1158,953,4533,6696,,
644,505,925,1945,2520,2511,1480,145,3459,4930,2210,1168,,
645,4533,2940,565,2988,1087,2101,3908,28,2354,1217,5915,,
646,3454,357,1755,4335,577,3192,4922,3799,3795,3102,6324,,
647,1087,3942,1037,4477,3997,716,3007,1752,53,4187,2022,,
648,1549,2795,1128,1946,2608,1048,4379,1706,2607,3185,5825,,
649,2250,2326,3314,1684,337,3483,132,4261,630,1561,335,,
650,648,3335,803,1209,51,1230,2444,1842,295,4918,840,,
651,725,27,4436,502,356,1178,3287,3386,4661,983,2148,,
652,3423,4899,627,4003,3261,772,3267,2119,252,827,5058,,
653,3226,4028,104,927,3591,1024,2255,3285,196,2096,5695,,
654,4005,2609,2033,3524,664,2548,2247,3885,1821,4373,1257,,
655,125,882,4642,2944,3805,3724,1911,4177,1684,2658,7367,,
657,4034,815,2853,4479,4165,298,4295,1841,2197,474,1170,,
658,2912,2300,333,983,4642,4907,4609,1189,2907,1856,3184,,
659,1556,458,193,4986,2861,2639,3335,4169,388,617,590,,
661,43,307,4304,1049,2296,1818,413,4730,472,870,1297,,
662,3165,2392,4954,251,1252,2,2494,2356,191,1235,3440,,
663,936,4091,4069,3423,4340,314,861,1567,543,4868,3248,,
664,554,2256,3032,4876,924,1479,1984,1586,3012,4793,869,,
665,2119,4843,772,896,3867,3406,3261,2309,4899,4589,5058,,
666,1341,105,4338,2832,2251,3602,88,1739,1486,2229,2131,,
667,88,4912,24,3885,1324,4560,1493,2447,4338,2832,2131,,
668,3914,4573,2301,3397,4167,4761,2221,4699,2317,907,4717,,
669,591,361,1995,1535,2703,160,1493,4152,4954,115,2757,,
670,9,205,4674,1287,4086,391,3406,708,4570,408,7887,,
671,1398,3314,2560,2756,554,1926,4879,4828,3320,2958,332,,
672,708,4086,9,1287,1549,4570,2972,2874,2821,391,7887,,
673,1775,1190,3880,480,4302,4286,932,1993,4609,4304,1297,,
674,2990,593,4187,3942,1270,3410,2352,3628,20,4477,2022,,
675,311,321,191,1633,4025,4373,2902,1821,2851,4188,1257,,
676,416,4561,4844,4409,1055,4956,130,2163,2118,2279,2200,,
677,193,2430,209,4932,704,4888,4986,2861,940,4400,590,,
678,1087,3942,1270,4477,2830,219,3628,4128,1752,3410,2022,,
679,1667,4091,3741,505,2224,1715,1074,4304,2964,2736,5006,,
680,323,2203,4428,3267,3959,1705,4899,772,2352,3476,5058,,
681,3509,508,4836,569,416,4829,1600,238,58,1805,298,,
682,109,4411,1806,1244,938,772,1270,1611,1357,4094,4253,,
684,4645,3330,630,2291,2395,3019,2504,976,4140,3962,342,,
685,4592,990,3423,2756,4879,3164,3290,2958,283,98,332,,
686,4091,3963,3557,4533,148,936,4826,680,303,2338,3248,,
687,453,2747,276,186,3097,4867,3883,2033,2409,4219,1786,,
688,3650,2392,4635,2368,4534,1504,2651,4352,4433,2538,5106,,
689,3813,4573,3949,1824,3923,4599,4408,2532,2955,4501,1388,,
690,276,4047,1252,4851,2639,320,4275,3152,4869,807,8021,,
691,4261,1684,2676,3183,146,4836,3143,3340,125,2353,6906,,
692,3269,1946,163,177,1944,1561,231,924,2730,3285,7470,,
693,983,4275,2093,4661,421,4252,1178,953,3381,1202,2148,,
696,2266,3037,3781,3292,2912,1983,53,2970,193,2058,1329,,
697,1287,3924,3971,532,3127,2440,36,1945,1790,554,2509,,
698,4005,2548,1667,4325,1778,191,4373,4912,467,1602,1257,,
699,3531,4869,1509,1984,2088,1122,2666,704,1370,4533,7557,,
700,3333,4390,3555,4637,2740,1695,1722,885,2646,425,3502,,
701,3282,3675,2146,3685,157,4904,3337,3565,4950,2997,3184,,
702,4826,2639,193,2657,4252,3335,1448,1674,209,2876,590,,
703,193,708,4836,3740,465,1048,4043,2356,4670,3155,6906,,
704,3971,1706,663,4783,3558,1946,1850,3185,2010,1048,5825,,
705,3888,1472,3519,3967,2295,710,750,114,4876,3230,5298,,
706,1054,874,903,1294,3768,643,3014,1324,3689,2480,3217,,
708,248,976,4493,2319,1621,475,1926,4408,3314,4876,335,,
709,104,2160,583,615,2178,186,3226,1024,2250,1561,5695,,
710,416,1080,4453,4015,4561,2118,3811,691,315,3081,2200,,
711,740,3198,617,925,186,241,3066,3628,2229,3883,1786,,
712,459,3109,4702,4757,3777,2350,3661,692,256,116,3723,,
713,1474,2688,3267,1,4481,3444,1415,4190,2666,2744,912,,
714,2851,4143,2113,558,949,465,4869,3391,3628,3265,3502,,
715,4275,2937,1315,4445,4583,1306,4714,4807,3965,4096,6276,,
716,2549,193,2970,700,4986,245,4493,432,2543,360,3217,,
717,1561,1333,2756,2088,2300,3571,3849,2478,2121,740,7790,,
718,1357,1287,1421,741,1516,3427,1478,983,680,4024,2512,,
719,3854,3109,809,2295,1339,3444,2223,916,2632,4876,5298,,
720,391,1355,203,2075,2295,3314,95,2972,1572,98,7449,,
721,1951,4097,4398,3007,3286,4635,3690,1913,569,839,7620,,
722,3183,2139,3055,1087,3018,3934,425,1152,1139,4040,7229,,
723,361,1752,145,69,3802,1028,49,1736,3798,3555,7213,,
724,416,892,4204,1055,3989,3469,2455,2118,2509,427,2200,,
725,2976,1611,4097,1667,4564,1200,2639,3880,2970,1880,2320,,
726,1646,2255,453,584,1494,1337,4879,1842,630,4767,2683,,
727,1252,4945,1601,1519,4971,3740,3639,4069,1103,4887,6696,,
728,145,2796,361,3153,175,4097,2086,187,69,2587,7213,,
729,740,2494,1681,2996,4115,2495,4554,2384,3431,3375,800,,
730,2639,897,4301,2251,2232,4533,191,1197,2086,4995,1093,,
731,472,2970,2496,4090,1868,1495,934,193,3499,4131,2378,,
732,3690,4757,1951,3007,2803,4581,2356,4746,2440,1437,7620,,
733,234,4207,3754,163,3571,98,2291,1398,3314,1684,335,,
734,4091,4955,674,4642,4337,1983,295,1270,53,3963,3184,,
735,1611,3183,2549,130,4919,3259,3295,3438,4142,3537,7946,,
736,976,1008,754,3168,3496,3410,62,1857,3555,2764,5502,,
737,4455,2657,3189,3942,1454,794,3930,3456,3295,1715,1505,,
738,114,1253,320,3143,1371,909,1337,4843,2817,99,4574,,
739,953,2384,2549,688,1952,1711,4534,3545,3820,3405,4053,,
740,4579,2549,1202,688,1786,953,4524,1454,1252,3662,4053,,
741,4496,4642,3795,4445,268,217,3238,3459,4833,2990,5180,,
742,3003,276,175,617,740,2843,453,1158,3066,3198,1786,,
743,4177,3335,2430,4400,1448,1205,4767,940,1605,4826,590,,
744,2688,1253,3977,1826,2130,930,185,663,3336,344,912,,
745,3143,4396,983,3575,1667,2082,234,4718,1648,3657,2832,,
746,740,4091,1646,2549,1711,3392,98,3749,3344,3185,800,,
747,2639,1405,3506,193,1254,4932,217,2699,1118,2238,590,,
748,2972,4783,1121,3528,1549,2987,248,2955,2795,4207,5825,,
749,3735,1720,2904,2097,1184,3369,4556,209,2217,461,4836,,
750,1087,4304,4950,4955,4534,4822,2300,2536,3105,3282,3184,,
751,932,3650,3685,1550,4895,2599,4579,2678,15,2980,3484,,
752,660,1429,4577,3102,373,1625,2158,3192,3438,509,6324,,
753,2848,4760,677,3628,1164,457,3258,1118,3895,1370,2809,,
754,630,4799,1550,382,2495,711,1181,2872,252,2023,4574,,
755,532,3571,1600,2614,681,4766,2495,4600,1719,1475,2683,,
756,3690,348,979,3576,565,1495,2612,160,272,4814,2001,,
757,2139,4195,3232,1785,3183,2283,1128,1818,1066,191,1124,,
758,1178,3011,866,852,1492,1129,4546,373,4955,1037,6335,,
760,788,191,3826,4683,145,704,4562,3700,3517,3986,5648,,
761,4304,357,1134,4294,4090,4335,1755,3438,3192,1429,6324,,
762,181,4842,403,2912,248,3474,2282,1751,1359,2311,3723,,
763,4599,3946,186,988,663,2666,2518,2223,2955,2530,1388,,
764,4149,2833,1984,936,1209,1737,4493,248,1684,2088,335,,
765,2377,193,4390,2549,1574,505,325,3424,4398,449,1329,,
766,2206,203,396,2075,1812,976,3168,4463,1704,2407,7449,,
767,198,4409,4814,287,3260,348,160,4019,4043,62,2001,,
768,1740,839,4305,1306,1927,544,4814,1785,2903,4778,4308,,
769,70,1411,1254,2770,3153,983,2246,725,744,251,6009,,
770,647,1253,617,1921,3483,1813,1646,3889,2649,2614,1511,,
771,3260,4043,3268,4814,713,160,287,4950,4179,979,2001,,
772,812,3528,4501,4960,1946,3441,2530,40,2474,2088,7642,,
773,2549,654,165,4579,4762,4507,3533,4142,509,2633,4053,,
774,983,1184,2799,1322,3685,3459,2608,4194,3650,4788,5180,,
775,1554,3423,812,4960,3441,4261,2474,54,1020,2445,7642,,
776,4955,855,458,4640,5,3232,1736,2139,1169,4226,1124,,
777,2063,396,4670,3431,524,4243,4302,3759,1860,160,3668,,
778,416,2509,4671,2118,4204,1055,892,4861,556,4409,2200,,
779,505,2657,64,740,2694,1409,106,3292,3930,2179,7258,,
780,4945,3207,1122,3555,2478,184,1174,1695,558,4190,7557,,
781,1066,695,4047,3183,1142,1736,4564,3510,2229,4226,1124,,
782,4394,248,3624,924,3188,4793,150,2481,3601,4876,869,,
783,4140,1936,641,255,4254,3330,793,179,4951,288,342,,
785,117,3437,2907,291,3907,2853,4902,691,1841,1212,1170,,
786,4683,634,2811,3432,254,2063,1178,1708,2548,3182,2856,,
787,4091,4893,4844,361,1995,2703,14,160,115,4096,2757,,
788,4783,2342,4136,1578,2667,2104,4738,1776,3700,2281,7956,,
789,391,2972,2518,4086,1014,1287,2478,2544,4789,708,7887,,
790,1740,2377,1306,2125,4305,1927,2988,983,4814,2896,4308,,
791,276,3198,4396,453,740,2033,617,4219,4867,3536,1786,,
792,1089,4922,1538,1708,2799,3142,2996,184,4233,4162,3440,,
793,1200,1409,3189,2354,1118,3793,4659,2796,1174,1005,4384,,
794,2613,2849,2484,1611,3551,861,2086,4509,3035,682,4231,,
795,2222,4876,205,2390,2563,845,4393,916,750,1777,5298,,
796,1943,3655,1984,177,4726,4791,4817,2730,3551,229,7470,,
797,4635,2970,193,1871,2447,53,2897,2912,3799,753,1329,,
798,348,141,604,898,4179,565,3991,979,287,4950,2001,,
799,186,2507,925,2229,276,740,2006,2835,3198,4396,1786,,
800,3479,255,4645,3835,554,856,4570,630,710,4198,342,,
801,688,1818,3217,4270,21,4312,99,1564,4239,1886,393,,
802,4963,2266,4410,2494,24,1037,3650,243,1075,4765,3484,,
803,3314,2445,2342,2120,3307,2207,578,3923,2905,3324,3355,,
804,4096,1088,2229,361,1753,4091,4954,160,14,2617,2757,,
805,588,2848,1522,4091,4090,4642,928,2548,4069,2547,3184,,
806,828,4349,181,134,3810,3798,3651,3662,131,1074,339,,
807,4152,4440,892,4091,4954,1753,1535,4844,2832,3759,2757,,
808,3381,3817,4661,4337,3905,4762,4658,807,983,600,2148,,
809,4730,4304,2278,472,1764,932,1190,4099,3753,870,1297,,
810,1854,924,3206,2632,1496,3519,205,3854,4115,710,5298,,
811,1005,4034,2907,3907,1205,298,4902,2021,1841,2404,1170,,
812,3386,27,1178,3381,2455,2770,983,953,3496,4762,2148,,
813,2139,1667,3459,4847,1178,3409,4203,4659,2832,2452,2816,,
814,2587,1315,2086,784,2657,2796,2897,4652,2296,2442,7213,,
815,4752,4533,4532,3730,2204,3849,1030,3979,2988,2101,5915,,
816,1711,3533,2549,3344,4398,1611,3183,1279,509,544,7946,,
818,4793,1479,4876,140,4394,2335,1984,3601,4031,2250,869,,
819,1646,3019,4124,4219,3518,201,945,2921,682,308,150,,
820,4187,3600,53,219,2459,1037,2830,716,2204,591,2022,,
821,220,1646,3019,856,4776,945,3406,1475,2872,2503,150,,
822,2256,3768,193,2639,3826,1715,1605,4767,2657,2390,590,,
823,125,4190,505,1926,2295,248,1907,284,1133,221,6270,,
824,3037,2549,4390,193,2377,3438,1716,1983,1224,4635,1329,,
825,2119,4470,2327,4003,260,4652,3873,3423,1705,827,5058,,
826,4658,2455,4171,4881,983,3905,181,2033,1178,4885,2148,,
827,647,2848,3783,4783,1406,1253,856,3227,4702,4274,1511,,
828,484,505,3459,191,3802,4349,3662,483,3041,2004,3203,,
829,204,740,674,3781,234,816,415,1711,397,2093,800,,
830,554,234,1176,647,3528,1902,3109,3650,203,1842,1511,,
831,2549,325,193,1200,333,3128,2338,1429,94,2970,5024,,
832,2796,4814,4461,1254,983,4978,2246,3183,1732,4532,6009,,
833,4171,4642,49,3146,4788,1922,1995,3459,1088,1583,5180,,
834,4953,3820,3496,1837,713,4126,258,948,1856,1097,2817,,
836,371,1753,1074,75,361,72,2741,131,4759,181,339,,
837,4349,266,4491,361,4436,3810,75,181,2224,4183,339,,
838,3237,2608,276,3565,3060,122,3880,2349,3939,1748,5966,,
839,3510,1178,3410,2540,4927,3367,2509,2906,4337,3794,4623,,
840,1648,3663,2334,713,1791,4019,1532,1841,4101,200,3399,,
841,361,14,1088,536,4096,3759,240,1493,1995,2690,2757,,
842,3267,3226,1181,1561,2096,4149,4541,182,4084,1024,5695,,
843,3942,4228,4575,1605,3105,3043,3319,3783,4458,3677,1043,,
844,2820,1204,621,712,4039,932,4443,764,1557,2496,4231,,
845,3791,1080,740,2458,1278,3456,505,3985,69,4104,7258,,
846,4814,839,106,4459,4349,4836,4049,3501,198,4771,4308,,
847,3450,1174,3084,2033,1095,3036,1618,2912,896,3145,4384,,
848,361,2097,2467,4874,1580,495,2651,4342,1934,3238,4836,,
849,1736,1690,1604,401,502,3183,2390,2616,768,4922,1124,,
850,4469,1178,1219,4357,2520,4583,1129,2430,1963,2691,6335,,
851,4091,4069,4826,2595,2338,936,3831,861,1519,4283,3248,,
852,4791,185,2178,930,4366,4643,322,114,1999,4190,912,,
853,3715,4086,2375,4722,1751,2058,116,2667,2125,942,3723,,
854,2756,484,1854,3198,818,4005,4789,3459,4101,45,4717,,
855,740,186,4410,175,2843,3198,3628,2927,3405,1158,1786,,
856,2703,2549,2445,3043,677,1970,150,2469,1160,3319,1043,,
857,2639,276,3573,191,2392,1778,71,1737,4096,1970,8021,,
858,1667,112,3942,4298,1578,4086,708,1240,2274,2200,7655,,
859,565,2523,828,1409,449,1835,794,2912,4104,3189,1505,,
860,1703,1951,4443,2356,4226,2633,2298,3286,569,4757,7620,,
861,425,1152,70,4504,1087,4040,2784,3018,2523,3183,7229,,
862,3939,586,2256,371,4209,556,1682,1679,1443,2968,5966,,
863,4233,4044,740,2207,3450,437,4771,1315,2694,505,7258,,
864,2639,4275,3928,4005,4286,1993,145,2689,505,4887,4863,,
865,1690,4372,4955,1736,3510,704,2968,4047,4226,2509,1124,,
866,1646,345,4789,3898,248,2494,4773,1711,2459,2976,800,,
867,586,4047,3262,2050,2188,191,3725,1492,3420,1637,1093,,
868,4290,695,1871,20,1600,1698,796,4836,2298,2511,5319,,
869,361,403,181,1601,934,176,3651,828,2217,3662,339,,
870,1252,1711,2384,146,4524,2549,935,1454,2599,1411,4053,,
871,2639,4286,145,421,505,4275,4005,1605,3928,3917,4863,,
872,3423,647,40,2080,3198,617,1854,3571,4966,2595,4964,,
873,1752,4096,361,4228,4005,130,760,2980,4282,4382,6276,,
874,4352,4642,2848,744,4336,4686,4091,4950,251,10,3184,,
875,46,427,892,3144,2118,3469,416,4127,4561,4671,2200,,
876,2430,2251,472,3224,1087,4040,145,3077,4535,4955,5648,,
877,2313,3109,1087,4239,2912,3201,4603,2970,3164,1133,1119,,
878,708,4789,1782,2589,2972,1549,1287,4570,9,554,7887,,
879,1088,361,4096,1535,1493,2442,4580,4954,4039,3061,2757,,
880,3058,1221,1736,4248,3142,3652,1611,3018,3486,983,7946,,
881,2149,983,2549,3018,3974,1270,1673,1736,1611,3652,7946,,
882,191,321,3604,716,3068,4248,169,2684,1157,3885,1257,,
883,2848,571,4193,3483,1353,2858,3781,554,4665,4467,1511,,
884,4084,2207,2120,3982,524,698,2850,3230,337,45,3355,,
885,2861,3584,4953,4090,2158,660,3438,2843,2888,509,6324,,
886,3690,760,62,754,2500,892,4814,565,4019,3537,2001,,
887,1209,3227,475,630,391,230,2319,1984,1943,1230,335,,
888,2206,4493,1287,4115,1697,1713,18,1230,345,3445,332,,
889,3335,565,173,4302,3953,1762,4910,4609,1611,266,5185,,
890,4128,4445,361,4005,2102,4881,3259,870,3304,1818,6276,,
891,1706,248,936,2987,3558,2350,1048,3185,408,4783,5825,,
892,4907,4950,3499,1129,1832,4661,3391,4005,1294,3045,6335,,
893,4965,2689,3198,4895,4318,1686,942,216,2941,3781,7233,,
894,3785,2191,556,1725,1715,4581,4634,4533,4409,2459,1252,,
895,4683,3813,4656,475,4005,3125,1615,3024,3226,137,1910,,
898,4445,2516,3908,3424,1266,324,1532,200,4093,713,3399,,
899,3908,1818,4803,4319,4302,1579,556,413,513,307,1297,,
900,708,4086,4738,4783,2282,2866,2589,3408,3207,1014,7956,,
901,4091,983,4336,2848,1602,4867,548,4954,3292,2912,3184,,
902,1014,2478,1164,9,2874,2821,1549,2544,30,708,7887,,
903,908,4854,3201,1205,4665,586,3685,1854,3198,1445,4717,,
904,617,4493,4005,3459,2718,1139,3835,4961,3677,357,4717,,
905,251,1751,2851,1454,2912,3403,1715,3942,4098,1333,1505,,
906,1212,3437,2824,1080,28,4092,2021,815,1005,3041,1170,,
907,4432,1709,21,1504,3455,2941,398,700,4965,2095,5106,,
908,3109,3037,234,524,3324,3923,2207,2342,4406,2656,3355,,
909,266,3424,3028,4243,2632,4757,4239,973,1704,984,4987,,
910,1252,2931,191,1961,2390,2558,4954,331,4751,3907,3440,,
911,2912,3715,323,2342,4757,4661,459,617,3210,4098,3723,,
912,97,4143,2256,3058,173,2238,2136,4940,3026,2549,5024,,
913,2968,4047,1018,839,3810,3644,276,979,784,3060,5966,,
914,39,4142,4482,1630,193,241,1054,2975,3128,2523,3217,,
915,1287,391,1549,4789,2874,1014,708,9,1164,4674,7887,,
916,4560,2217,4640,2086,2848,2678,1706,1118,981,2755,2007,,
918,1404,4091,1088,1927,2832,1038,1062,240,3238,3759,2757,,
919,3900,4693,1166,4877,925,2246,2168,3386,1202,3286,6426,,
920,4798,2503,3230,4699,1613,4960,211,3143,1846,4394,3497,,
921,4960,248,1048,116,3898,2445,4778,4966,336,2518,7642,,
922,4783,2987,2608,1706,2955,1128,936,3865,1359,4813,5825,,
923,1066,3229,3183,1818,1708,4284,704,688,4270,1069,393,,
924,1856,3689,1054,676,52,193,1037,2872,472,3086,2378,,
925,3183,3068,1988,4851,4090,21,4,200,3457,1856,393,,
926,1713,829,571,1014,2354,3936,388,165,976,3041,4987,,
927,2127,1056,1087,4579,4940,617,1686,1212,3796,2560,728,,
928,960,794,4005,127,4517,3225,302,1753,4171,2095,6276,,
929,2549,193,4143,4520,566,2136,4762,3986,1630,4524,5024,,
930,2494,1886,4164,3736,2136,1711,3344,1611,674,3018,7946,,
931,3942,1519,2166,4261,3675,4533,337,1552,41,4069,3248,,
932,3854,1854,2295,2866,3109,4891,4265,3958,3226,4876,5298,,
933,4640,4564,3428,2639,836,1514,3732,2646,4044,1409,2320,,
934,1270,2392,4941,1871,2651,254,4352,874,3650,458,5106,,
935,2251,4338,3885,2516,99,855,2447,3602,1053,1821,2131,,
936,1984,708,4665,98,4926,4028,617,58,2409,145,2499,,
937,1740,361,2522,2442,3612,1495,240,3985,3509,483,7213,,
938,2139,160,1667,3459,2246,1437,1588,1324,137,1178,2816,,
939,813,2848,4576,3289,3237,3107,713,456,4019,1362,2777,,
940,4091,115,361,240,1088,1493,4954,3578,4096,3651,2757,,
941,1611,674,2149,3295,3652,2313,3486,1221,2136,1711,7946,,
942,2549,4762,2975,298,1615,193,4703,1548,3351,840,3217,,
943,1241,2446,3269,1287,3907,3498,320,1357,2319,1116,2509,,
944,3003,2796,1456,1136,1066,2147,4318,2510,3817,31,3486,,
945,4683,3753,1430,483,96,2746,2773,2689,4767,3494,2856,,
946,708,1014,1287,9,554,1164,2478,1782,205,2944,7887,,
948,4665,1795,3431,2063,1431,3575,3759,4692,4670,796,3668,,
949,324,1129,543,4788,4270,69,262,2086,2885,4851,3203,,
950,1519,2639,4446,3510,2595,1778,2139,109,3533,2251,1093,,
951,3335,1648,1306,3109,2313,4493,3576,3164,3201,686,1119,,
952,505,4635,2549,1373,4016,193,704,2384,2058,325,1329,,
953,2063,1357,1945,3427,1175,4203,680,2924,1567,57,2512,,
954,27,3386,1431,4171,953,181,2993,1178,4310,3287,2148,,
955,3041,2853,4034,474,291,3907,815,1841,4165,2197,1170,,
956,1054,4462,193,1037,934,1856,3768,1069,2496,542,2378,,
958,648,3793,465,2513,916,4880,2224,333,1157,2830,3486,,
960,2516,2217,97,1018,1118,2086,2755,2970,1532,1706,2007,,
962,2970,2549,2897,4016,3424,3781,505,2953,3799,4477,1329,,
963,3439,2749,740,630,3229,1281,4132,3849,767,3804,7790,,
964,2848,266,3105,4090,1871,251,4895,3590,3565,4091,3184,,
967,3655,1911,3889,3230,1943,3786,4026,4392,3982,578,3355,,
968,708,3611,367,2422,2281,1684,3355,4798,1460,4709,63,,
969,2295,2828,2809,4265,3647,3307,924,1777,1041,3857,5298,,
970,2251,4640,4051,4783,1085,112,708,3444,54,3188,7655,,
971,284,1028,145,361,2356,4147,2621,1592,309,240,7213,,
972,181,3386,3636,2033,1178,2455,725,3161,2968,4450,2148,,
973,813,1030,3237,522,2848,3955,1583,3107,64,3084,2777,,
974,4086,4783,2342,2667,3700,1774,80,708,4738,2866,7956,,
975,4729,4086,2342,2422,1359,2220,708,4738,1681,1521,7956,,
977,3375,2518,2833,1681,740,4738,40,1353,1571,1121,800,,
978,1686,2508,932,2158,2560,3685,3662,3799,617,1896,728,,
979,1984,4665,44,4713,186,1911,4501,1859,2951,3340,7470,,
980,1984,2756,3175,3143,18,98,4570,630,2160,1936,332,,
981,1357,532,36,2319,1287,554,4943,1994,4770,1116,2509,,
982,1014,1015,2306,2905,3436,1158,3267,3571,896,3261,5058,,
983,2549,145,2988,3003,4318,4880,333,295,159,1755,3486,,
984,193,855,505,4390,2549,2384,3438,3058,1574,2912,1329,,
986,1287,2730,983,4265,4275,741,3551,4048,4601,1804,2512,,
987,3600,1752,1037,3410,4187,219,716,141,1026,3942,2022,,
988,321,925,2773,3391,2273,6,2963,1202,3837,2246,6426,,
989,3953,4014,4826,1728,4302,2392,2681,2964,4233,3262,5185,,
990,701,383,3206,3285,4960,2260,231,1613,3576,177,3497,,
991,3108,2503,2549,140,4575,2260,677,3942,1051,1164,1043,,
992,3459,4912,268,2489,4093,2063,4445,2,3944,986,5180,,
993,4149,3267,4028,4601,4541,2289,3290,1613,3226,1561,5695,,
994,609,4746,2206,98,4254,3168,3737,1704,95,3439,7449,,
995,630,3859,203,976,767,132,3314,2111,4408,2088,7449,,
996,923,738,4752,4615,2940,3895,1026,1164,482,1545,2809,,
997,1175,2076,1911,1755,4798,326,2326,925,2874,3284,63,,
998,3072,4531,2349,1357,1244,772,1200,921,2135,2105,4253,,
999,2970,634,2832,1224,2639,2545,4206,885,4338,2101,2212,,
