user,exclude,item list
0,2499,"[4323, 2996, 989, 3078, 3335, 4106, 4918, 2300, 125, 325]"
1,5010,"[4814, 3048, 4738, 4270, 4642, 1561, 361, 2970, 2990, 804]"
2,840,"[112, 708, 989, 1007, 4642, 416, 4396, 882, 109, 565]"
3,6654,"[4446, 648, 4482, 2549, 1601, 1357, 4932, 4493, 2820, 4093]"
4,6906,"[648, 361, 4635, 112, 2342, 663, 3432, 1728, 1464, 2523]"
5,840,"[4661, 125, 145, 3995, 276, 2280, 2296, 3571, 2755, 4782]"
6,2499,"[4918, 2342, 4738, 3198, 4683, 361, 4005, 3322, 2610, 3003]"
7,840,"[4396, 1118, 4677, 3576, 2355, 3271, 2288, 297, 1349, 2300]"
8,2499,"[3939, 2820, 1057, 125, 413, 2674, 4128, 4270, 3431, 3078]"
9,2499,"[4177, 1740, 361, 4005, 2799, 2198, 3409, 112, 740, 2251]"
10,332,"[4091, 2820, 4396, 4787, 2401, 695, 940, 4640, 3522, 708]"
11,2499,"[4270, 495, 4778, 4699, 238, 1711, 2970, 4642, 3080, 3335]"
12,840,"[708, 2274, 3068, 3199, 4642, 3510, 1457, 3738, 4270, 2976]"
13,2499,"[297, 2848, 125, 4626, 2155, 3179, 3778, 2139, 2545, 397]"
14,840,"[4091, 125, 4382, 3102, 3314, 145, 300, 341, 3592, 3386]"
15,2499,"[647, 2848, 4954, 2274, 4642, 4698, 361, 2499, 191, 2690]"
16,7655,"[4270, 3497, 505, 2730, 3770, 191, 4698, 3883, 4520, 245]"
17,7213,"[1357, 4918, 2342, 4831, 276, 4239, 2829, 1753, 2037, 2300]"
18,2499,"[2274, 3510, 4270, 4005, 3324, 2970, 2217, 2247, 3105, 483]"
19,4717,"[276, 14, 3164, 2848, 532, 3647, 284, 4090, 121, 4226]"
20,63,"[983, 648, 2816, 1343, 2342, 4722, 4270, 4888, 284, 276]"
21,840,"[1984, 2274, 4106, 2207, 2326, 4477, 1578, 923, 4344, 2970]"
22,840,"[361, 1189, 1918, 4026, 4096, 940, 827, 1522, 3102, 416]"
23,2499,"[740, 647, 3939, 986, 2820, 3174, 2377, 1933, 361, 3424]"
24,3203,"[647, 357, 908, 648, 193, 2820, 708, 125, 1406, 2377]"
25,63,"[3888, 4396, 125, 1736, 193, 203, 240, 4986, 3942, 4005]"
26,2499,"[4091, 193, 2820, 2256, 2988, 4270, 54, 4683, 1611, 262]"
27,5010,"[2155, 786, 2383, 3862, 4533, 4642, 3199, 4071, 1854, 3940]"
28,2499,"[125, 3424, 4373, 3660, 2755, 2015, 105, 4561, 4106, 4707]"
29,2499,"[685, 125, 4128, 4738, 4005, 3003, 1597, 160, 3282, 1129]"
30,2499,"[193, 2949, 3102, 4738, 2274, 3510, 2639, 565, 112, 240]"
31,2499,"[3048, 4270, 109, 4642, 3535, 2401, 2637, 4577, 4091, 953]"
32,3203,"[4446, 4091, 1646, 1633, 648, 2549, 2848, 1601, 4955, 1128]"
33,840,"[3497, 4335, 882, 4696, 4718, 2474, 125, 1860, 193, 276]"
34,2499,"[2, 2155, 268, 1412, 732, 4106, 3011, 978, 4064, 2136]"
35,840,"[4005, 112, 740, 3207, 109, 3080, 708, 1007, 620, 457]"
36,2499,"[647, 986, 125, 3510, 2355, 4005, 1287, 2897, 4297, 928]"
37,1168,"[4446, 4783, 740, 1906, 4091, 4177, 812, 647, 1653, 2756]"
38,2499,"[4091, 4955, 4918, 586, 2342, 109, 282, 792, 882, 4131]"
39,800,"[2848, 4005, 2274, 2820, 2988, 284, 2298, 3003, 3725, 3685]"
40,840,"[3102, 1631, 2139, 1578, 1684, 4661, 449, 647, 4738, 3472]"
41,3184,"[4446, 2, 647, 1252, 2756, 3037, 297, 648, 1690, 2549]"
42,6906,"[2155, 4106, 4086, 4572, 2501, 4722, 4918, 740, 1602, 1753]"
43,800,"[4446, 3823, 4783, 4177, 3300, 812, 647, 1984, 2756, 3551]"
44,2499,"[647, 4128, 2238, 1404, 4722, 2356, 3107, 125, 3725, 2501]"
45,840,"[4945, 2647, 4955, 4880, 2274, 37, 4642, 58, 62, 1018]"
46,332,"[986, 4918, 4665, 2274, 3510, 2122, 109, 4642, 268, 3424]"
47,5006,"[647, 437, 125, 4760, 1709, 3888, 2274, 532, 4831, 772]"
48,840,"[125, 4738, 3024, 3271, 4496, 4096, 2829, 3338, 4284, 4134]"
49,2499,"[2773, 4642, 4106, 2608, 4735, 3424, 4171, 1753, 3736, 4064]"
50,7655,"[3710, 3431, 505, 416, 3198, 4738, 532, 740, 2377, 174]"
51,5319,"[4945, 1601, 708, 532, 266, 4642, 2029, 4635, 58, 4005]"
52,3203,"[2848, 361, 3715, 3665, 2136, 2280, 4960, 4642, 4035, 98]"
53,4717,"[276, 98, 3944, 258, 2250, 986, 3224, 1611, 648, 4651]"
54,5006,"[4945, 2210, 2454, 3432, 3207, 2970, 2949, 648, 2310, 4245]"
55,335,"[708, 152, 4561, 483, 4337, 3467, 2549, 3444, 3459, 276]"
56,7470,"[1118, 4446, 4783, 740, 2, 647, 1653, 4810, 2756, 903]"
57,5006,"[3098, 1252, 4642, 4177, 1143, 3271, 3183, 2674, 3092, 4390]"
58,2499,"[679, 125, 3955, 2280, 4954, 3510, 4270, 2210, 1093, 4642]"
59,840,"[4091, 2274, 4245, 3510, 2122, 181, 193, 402, 3113, 2993]"
60,840,"[4642, 2639, 2274, 112, 3510, 484, 4106, 3564, 437, 4005]"
61,5006,"[357, 908, 3037, 4782, 3201, 1711, 4880, 14, 4954, 4128]"
62,5006,"[1984, 648, 708, 2280, 2646, 2274, 98, 617, 225, 1485]"
63,5006,"[1711, 1740, 1578, 1984, 621, 284, 4396, 2782, 2758, 4493]"
64,5010,"[1485, 193, 3479, 1087, 2970, 4642, 3826, 189, 4782, 2100]"
65,4717,"[416, 505, 125, 648, 940, 2384, 1578, 1936, 2280, 3738]"
66,840,"[361, 125, 276, 2217, 4245, 3007, 58, 4658, 1927, 112]"
67,63,"[4091, 647, 786, 648, 4945, 437, 4336, 2848, 2820, 9]"
68,5010,"[141, 2770, 3393, 3102, 4573, 4453, 1578, 2661, 1983, 2958]"
69,3184,"[2549, 708, 4665, 2949, 1740, 1253, 4245, 98, 4047, 1254]"
70,2499,"[4932, 4918, 1711, 2377, 2663, 4738, 4270, 3432, 2522, 4005]"
71,63,"[4446, 4783, 3300, 908, 4814, 1197, 297, 115, 2949, 3710]"
72,4717,"[4783, 740, 647, 1984, 4026, 4814, 4945, 115, 708, 2949]"
73,3203,"[1646, 648, 2210, 416, 361, 58, 3652, 4022, 4071, 882]"
74,2499,"[4783, 4128, 4533, 4683, 2506, 3517, 1611, 2746, 453, 1196]"
75,7655,"[4091, 647, 125, 3888, 4642, 505, 4989, 3035, 4457, 114]"
76,840,"[1933, 203, 1555, 2384, 4005, 112, 4327, 4652, 740, 329]"
77,7449,"[740, 1984, 3037, 2549, 708, 3064, 3676, 1556, 181, 3995]"
78,5319,"[4091, 647, 357, 648, 4954, 2274, 4245, 4698, 268, 58]"
79,840,[]
80,5319,"[740, 4091, 812, 2, 647, 908, 648, 2820, 1567, 8]"
81,5010,"[4918, 1048, 4573, 4245, 772, 1646, 495, 1684, 3835, 1940]"
82,4623,"[4783, 4091, 2756, 3813, 866, 2218, 648, 4945, 193, 1755]"
83,840,"[276, 708, 175, 4270, 1960, 4718, 4139, 114, 484, 2949]"
84,5010,"[1475, 4245, 175, 3199, 2821, 3949, 145, 973, 3175, 2401]"
85,2683,"[4918, 4106, 1753, 105, 4533, 882, 3300, 4751, 3611, 3602]"
86,2499,"[2274, 4352, 1495, 1619, 3092, 4836, 2170, 1218, 4005, 4245]"
87,840,"[361, 3424, 3510, 1984, 4106, 708, 519, 3078, 882, 4642]"
88,840,"[357, 3955, 2280, 4106, 688, 2188, 1578, 1688, 203, 72]"
89,3203,"[4783, 740, 4091, 1984, 4482, 2848, 193, 708, 3127, 4445]"
90,840,"[4814, 2280, 2274, 4245, 1983, 2356, 4986, 3834, 634, 581]"
91,4717,"[1495, 565, 4656, 930, 1252, 1607, 2848, 276, 4960, 1143]"
92,840,"[4642, 4396, 1809, 3971, 4298, 58, 2549, 2118, 4031, 1855]"
93,840,"[193, 125, 4270, 927, 203, 2274, 3179, 2313, 740, 3531]"
95,2499,"[4783, 647, 983, 866, 786, 1690, 2549, 2848, 1601, 679]"
96,5010,"[740, 4091, 983, 1646, 786, 2549, 193, 1343, 2949, 4880]"
97,6335,"[4446, 4783, 4091, 4177, 3300, 1653, 357, 2756, 903, 908]"
98,7655,"[648, 2342, 1087, 923, 3602, 1984, 4876, 361, 4954, 1304]"
99,5010,"[740, 1984, 4026, 648, 193, 2949, 14, 2342, 2274, 4245]"
100,332,"[740, 4091, 3300, 647, 983, 866, 648, 4945, 2220, 4894]"
101,2499,"[125, 3198, 4642, 333, 1244, 1611, 1464, 882, 1029, 4760]"
102,6270,"[297, 98, 361, 4005, 3071, 2945, 1449, 4349, 1549, 3982]"
103,1511,"[740, 4091, 1984, 2756, 297, 4945, 437, 2549, 1601, 2220]"
104,840,"[4642, 2949, 2820, 62, 3917, 4411, 2200, 2951, 1782, 2356]"
105,6906,"[2988, 617, 1313, 3206, 4270, 3602, 1602, 2674, 2736, 2663]"
106,6270,"[3510, 4734, 4839, 4349, 3210, 116, 1684, 3078, 203, 3914]"
107,6906,"[4091, 4177, 648, 2549, 679, 986, 1057, 4918, 1088, 4270]"
108,3217,"[4446, 1, 3823, 4783, 740, 4091, 812, 2, 647, 1653]"
109,5006,"[647, 357, 903, 3551, 1646, 3037, 866, 648, 4945, 2549]"
110,335,"[4091, 4814, 648, 2549, 484, 708, 2663, 2274, 345, 3510]"
111,2499,"[1646, 125, 1602, 3510, 4683, 416, 2355, 361, 1923, 4635]"
112,332,"[720, 3715, 2280, 648, 3424, 116, 4960, 960, 2401, 3459]"
113,840,"[4533, 361, 1254, 4194, 4798, 1715, 2311, 165, 2024, 3472]"
114,6270,"[4005, 3078, 3459, 1088, 3372, 427, 2970, 4245, 1218, 1457]"
115,5010,"[740, 908, 3037, 708, 2246, 2274, 4118, 266, 3335, 4642]"
116,5010,"[648, 3732, 708, 2256, 4270, 276, 4573, 112, 1287, 114]"
117,5010,"[4831, 4642, 397, 4106, 1074, 145, 4396, 3519, 2207, 2518]"
118,840,"[2848, 973, 217, 1341, 2829, 261, 4652, 145, 4722, 203]"
119,5010,"[361, 4458, 647, 4270, 276, 483, 203, 3393, 804, 1196]"
120,6906,"[2342, 3510, 209, 1494, 1485, 1085, 1128, 645, 1349, 2470]"
121,3203,"[193, 4372, 125, 2949, 1519, 548, 4738, 4245, 1535, 276]"
122,5010,"[4783, 866, 648, 4493, 9, 4115, 1854, 4683, 266, 98]"
123,5010,"[708, 3820, 51, 3519, 1851, 4327, 4724, 2820, 4106, 1854]"
124,3184,"[648, 708, 4005, 145, 2207, 283, 3459, 4738, 1711, 3940]"
125,6270,"[309, 4270, 3767, 986, 648, 4005, 51, 4954, 3510, 4171]"
126,6270,"[95, 1922, 2949, 649, 945, 1218, 3271, 700, 4091, 1418]"
127,840,"[4177, 484, 708, 125, 2377, 1736, 4270, 3168, 4106, 505]"
128,4253,"[4446, 4783, 740, 4091, 4177, 3300, 812, 647, 4810, 357]"
129,840,"[2155, 495, 1485, 4457, 1287, 2661, 1404, 3785, 4245, 2256]"
130,1093,"[4783, 740, 4091, 647, 357, 1984, 983, 3813, 1646, 767]"
131,6270,"[519, 1071, 4724, 736, 2820, 361, 2095, 794, 241, 4270]"
132,7655,"[4091, 2756, 983, 1633, 4026, 648, 2549, 193, 4372, 3810]"
133,6270,"[1129, 4683, 4270, 921, 2758, 2782, 25, 4342, 2255, 3847]"
134,2499,"[2919, 4270, 1404, 3782, 2610, 72, 2866, 2017, 2639, 740]"
135,5006,"[740, 1646, 4026, 3037, 866, 648, 2549, 2848, 1357, 986]"
136,840,"[3510, 4270, 1404, 3068, 2217, 695, 2198, 4329, 647, 2820]"
137,3203,"[740, 647, 3995, 2342, 1740, 109, 3438, 276, 361, 4043]"
138,5006,"[1169, 2465, 3424, 2274, 4106, 3985, 740, 908, 2439, 3480]"
139,6906,"[4642, 3885, 1706, 1324, 3511, 2210, 4245, 4635, 145, 2902]"
140,2499,"[2608, 3510, 2988, 4683, 23, 1983, 3424, 3506, 2396, 2470]"
141,4623,"[4091, 647, 357, 2756, 983, 1646, 1633, 297, 648, 2848]"
142,840,"[297, 2549, 4955, 125, 181, 2274, 416, 1443, 4477, 1437]"
143,3217,"[4091, 4177, 2, 647, 786, 4945, 484, 1053, 605, 4665]"
144,6270,"[2458, 2820, 4096, 3510, 815, 544, 3431, 1517, 1611, 1429]"
145,6270,"[1879, 3210, 299, 816, 4757, 1722, 3063, 3481, 2058, 674]"
146,4717,"[740, 4091, 647, 1646, 4026, 297, 786, 648, 679, 4932]"
147,6270,"[3710, 2274, 145, 112, 2496, 2178, 444, 1615, 4677, 3431]"
148,6270,"[1457, 69, 1611, 301, 361, 484, 1686, 1740, 4691, 4245]"
149,6270,"[4005, 1458, 3459, 268, 923, 4093, 3287, 297, 2770, 36]"
150,5010,"[276, 1595, 772, 2155, 4265, 647, 4270, 1190, 2970, 3078]"
151,4717,"[1, 4091, 903, 983, 976, 866, 297, 786, 4945, 2549]"
152,6906,"[1711, 1102, 1983, 4344, 1646, 4270, 4851, 2342, 284, 1485]"
153,6270,"[4573, 1923, 3145, 1171, 1129, 361, 1065, 276, 1252, 483]"
154,5006,"[4446, 4783, 647, 1984, 2756, 4945, 4482, 1601, 324, 2820]"
155,6270,"[4270, 4005, 736, 1922, 2256, 3282, 508, 1752, 4171, 1597]"
156,3203,"[708, 125, 1719, 2162, 1287, 2835, 2301, 4635, 4987, 1709]"
157,2499,"[647, 3813, 2280, 4642, 1661, 2536, 3210, 885, 4522, 397]"
158,6270,"[2949, 4270, 4691, 3564, 145, 57, 225, 633, 3535, 241]"
159,5180,"[648, 4482, 1711, 2342, 3102, 416, 2968, 1611, 4022, 112]"
160,6270,"[3483, 4194, 3783, 1074, 137, 1611, 3410, 4652, 3393, 2830]"
161,2499,"[4177, 2342, 4270, 588, 4642, 3196, 1074, 1611, 505, 4798]"
162,840,"[4783, 4814, 297, 4945, 2848, 4932, 193, 1605, 708, 605]"
163,6270,"[2876, 361, 1854, 3715, 676, 2820, 4573, 4005, 2730, 4106]"
164,1910,"[2274, 1730, 268, 1698, 2161, 4893, 3267, 2355, 4965, 3335]"
165,7655,"[4676, 3510, 1007, 4876, 4245, 1118, 1406, 3047, 4738, 2342]"
166,840,"[983, 3939, 2820, 3885, 548, 2280, 3900, 361, 1983, 518]"
167,6270,"[2274, 2988, 3715, 4005, 397, 1725, 2468, 82, 2320, 4791]"
168,7655,"[740, 2756, 3510, 4270, 66, 4005, 4036, 145, 3820, 4126]"
169,7655,"[2970, 3048, 361, 880, 917, 2342, 4683, 1476, 855, 2549]"
170,2683,"[2274, 2639, 4270, 708, 145, 3609, 3094, 505, 189, 1485]"
171,5319,"[740, 1653, 2756, 4482, 2549, 2820, 125, 1205, 3885, 1711]"
172,63,"[3823, 4783, 4091, 4177, 812, 647, 983, 3813, 1646, 866]"
173,840,"[740, 3078, 112, 4005, 80, 4190, 165, 2549, 1476, 2221]"
174,840,"[193, 4493, 4954, 2274, 361, 2522, 2773, 3780, 1517, 1712]"
175,3184,"[4738, 4086, 908, 2504, 2949, 106, 4573, 1667, 4001, 2274]"
176,4717,"[4446, 4783, 1906, 4177, 812, 647, 1252, 983, 3813, 1646]"
177,7655,"[4446, 2, 357, 1984, 2756, 903, 3813, 1646, 4814, 866]"
178,840,"[2769, 125, 2773, 4457, 654, 117, 2049, 2903, 1281, 3923]"
179,3184,"[4446, 4783, 740, 4177, 647, 1984, 773, 4814, 1197, 648]"
180,6270,"[361, 960, 276, 2799, 145, 1071, 3483, 3102, 4477, 3829]"
181,840,"[145, 4787, 80, 2470, 4847, 125, 3333, 157, 4652, 1084]"
182,840,"[4738, 145, 359, 2274, 2496, 4106, 2139, 3635, 4661, 209]"
183,5010,"[2274, 2311, 4961, 4177, 4501, 287, 4798, 924, 4894, 2509]"
184,335,"[4783, 4091, 647, 2756, 908, 648, 4945, 3732, 4918, 708]"
185,840,"[361, 505, 362, 276, 677, 4803, 4880, 4005, 4665, 3032]"
186,6270,[]
187,2499,"[297, 4568, 3510, 3343, 3829, 516, 4656, 1681, 1429, 4312]"
188,7655,"[740, 4091, 4827, 2, 647, 1984, 2756, 983, 1646, 1089]"
189,5319,"[3424, 4961, 4642, 1918, 276, 2310, 2970, 1254, 1091, 1611]"
190,1168,"[740, 4091, 4177, 647, 1252, 983, 1646, 4814, 3263, 297]"
191,5010,"[708, 741, 4396, 2988, 1538, 532, 1071, 2170, 617, 145]"
192,5010,"[708, 2155, 4270, 51, 1475, 2551, 4964, 2160, 2063, 1611]"
193,2856,"[4446, 4783, 740, 1646, 4814, 2848, 1357, 2220, 4045, 1602]"
194,840,"[2949, 3424, 1517, 2155, 882, 708, 145, 499, 2866, 276]"
195,6270,"[112, 4751, 4428, 3375, 3221, 4342, 4720, 736, 4457, 2138]"
196,2499,"[193, 4904, 2751, 2194, 740, 3446, 1136, 2501, 973, 4670]"
197,840,"[193, 1074, 647, 356, 629, 708, 1493, 609, 2799, 276]"
198,6270,"[4814, 772, 276, 4573, 1923, 989, 4131, 1662, 1409, 2782]"
199,840,"[4091, 647, 1252, 908, 786, 1690, 2549, 4894, 125, 4708]"
200,840,"[647, 983, 3510, 4270, 4106, 145, 4922, 2577, 4757, 2227]"
201,6270,"[4270, 786, 4245, 4561, 3338, 989, 4573, 856, 1826, 1048]"
202,6270,[]
203,840,"[930, 276, 973, 4005, 3890, 4880, 145, 708, 4396, 2139]"
204,840,"[4270, 484, 4971, 4639, 567, 1254, 4599, 708, 3007, 3883]"
205,6270,"[4177, 361, 145, 112, 1715, 1485, 2799, 397, 1951, 648]"
206,6270,"[4005, 4457, 114, 361, 416, 276, 600, 262, 2102, 870]"
207,5010,"[193, 361, 2949, 2472, 882, 2342, 3466, 2832, 98, 3282]"
208,6276,"[4783, 740, 4091, 647, 1252, 903, 983, 1646, 1477, 648]"
209,5010,"[3537, 3483, 4665, 4635, 297, 234, 1601, 125, 1357, 976]"
210,5006,"[786, 532, 3676, 3497, 4071, 4493, 3930, 3424, 2136, 1681]"
211,5006,"[4446, 1, 4783, 740, 647, 4810, 1984, 648, 2549, 2848]"
212,7655,"[740, 4091, 647, 1653, 357, 1984, 983, 4814, 297, 648]"
213,840,"[4642, 2122, 2988, 2198, 908, 361, 4698, 1178, 1708, 2639]"
214,6270,[]
215,5010,"[4642, 647, 4760, 395, 2820, 4527, 2155, 1930, 2301, 2274]"
216,840,"[3078, 2848, 3409, 112, 3785, 4642, 4396, 416, 1630, 989]"
217,6270,"[3421, 1288, 3063, 604, 4098, 4691, 3602, 4093, 2155, 2393]"
218,5010,"[2342, 1024, 266, 577, 2958, 617, 4091, 708, 321, 1287]"
219,5010,"[3335, 4106, 3225, 882, 2139, 361, 3322, 1196, 1004, 2970]"
220,3203,"[1774, 255, 205, 4955, 764, 617, 2375, 3901, 2572, 2440]"
221,2683,"[1263, 98, 4091, 668, 3475, 203, 145, 282, 2280, 565]"
222,6270,"[72, 3459, 2274, 4005, 483, 3652, 4757, 2120, 297, 1202]"
223,6270,[]
224,6270,"[2820, 2949, 1406, 4128, 2155, 4683, 432, 3818, 3071, 3522]"
225,5010,"[740, 647, 1646, 297, 3939, 1740, 4118, 4337, 4043, 3406]"
226,2499,"[647, 1197, 4336, 2220, 193, 3810, 125, 1602, 2949, 3814]"
227,6270,"[1602, 112, 740, 4344, 4373, 772, 1684, 655, 3145, 2]"
228,6270,"[484, 1667, 677, 4652, 361, 3459, 4248, 2452, 4561, 4003]"
229,6270,"[357, 2274, 945, 655, 4501, 2876, 3107, 72, 4216, 1646]"
230,6270,"[740, 1646, 2274, 3510, 1034, 1574, 98, 3083, 3591, 361]"
231,3203,"[4177, 1860, 4110, 109, 225, 2178, 148, 125, 1244, 4265]"
232,5010,"[903, 648, 193, 1306, 14, 181, 4245, 3715, 772, 3314]"
233,6270,"[3501, 2988, 4683, 3078, 1074, 3962, 1455, 2739, 3483, 3949]"
234,5006,"[976, 2848, 1601, 324, 3182, 1605, 3201, 708, 1205, 2949]"
235,1168,"[4091, 4177, 357, 2756, 983, 773, 4026, 1197, 1089, 648]"
236,6696,"[4783, 740, 647, 983, 976, 4814, 2549, 2848, 1755, 4493]"
237,5006,"[4446, 4783, 4177, 908, 786, 648, 1690, 437, 4336, 2549]"
238,5006,"[2577, 4683, 2041, 3859, 2691, 789, 2251, 648, 1212, 3564]"
239,7655,"[647, 685, 679, 2820, 4918, 1128, 125, 2949, 4760, 1406]"
240,5006,"[4446, 4783, 647, 908, 3813, 1633, 648, 2848, 1755, 986]"
241,5168,"[1646, 297, 4894, 2458, 484, 4270, 3198, 4533, 2516, 1443]"
242,63,"[4446, 4783, 740, 4091, 4177, 812, 908, 983, 3813, 1633]"
243,1168,"[908, 648, 2549, 9, 4270, 4798, 1715, 1522, 2049, 4333]"
244,800,"[2949, 2280, 3510, 532, 4831, 2355, 4573, 3424, 2139, 3636]"
245,6276,"[2342, 4396, 453, 647, 2310, 1681, 1698, 3210, 2474, 4642]"
246,5006,"[647, 1646, 2274, 3510, 3335, 4642, 4005, 4106, 3142, 945]"
247,2683,"[2274, 397, 3590, 2232, 1854, 2468, 1287, 2970, 4086, 2139]"
248,2683,"[647, 297, 4782, 2848, 115, 708, 2949, 586, 2274, 4245]"
249,6906,"[3102, 2639, 4337, 4005, 882, 1571, 413, 1343, 4642, 4738]"
250,6270,"[1753, 145, 1074, 2050, 4413, 51, 2248, 4961, 2207, 741]"
251,6270,[]
252,6270,[]
253,840,"[484, 2274, 4642, 2355, 1631, 4005, 3942, 4986, 1630, 4131]"
254,840,"[4798, 276, 2848, 125, 2522, 4270, 4533, 62, 112, 708]"
255,840,"[2280, 3102, 2274, 416, 3314, 2639, 4642, 276, 4005, 3155]"
256,6270,"[2274, 4270, 361, 4005, 2296, 3459, 750, 3003, 4469, 827]"
257,6270,"[4128, 4005, 3315, 3375, 3647, 2656, 4720, 354, 4270, 3781]"
258,6270,"[648, 4894, 4722, 3102, 3510, 4270, 4691, 3715, 98, 361]"
259,2499,"[4446, 740, 4177, 1646, 4814, 193, 3217, 3704, 125, 1602]"
260,5006,"[1922, 1464, 4798, 2828, 2480, 3352, 3885, 4573, 4413, 2949]"
261,6270,"[1667, 3796, 3564, 4248, 1555, 24, 203, 1648, 927, 3820]"
262,332,"[4446, 740, 4177, 647, 1653, 908, 297, 786, 437, 4336]"
263,7655,"[4091, 647, 2756, 866, 2549, 1755, 1602, 2280, 3102, 1253]"
264,6906,"[4091, 2458, 484, 4955, 2949, 2342, 3102, 4207, 3198, 3905]"
265,7655,"[1728, 4955, 125, 4665, 14, 2280, 4738, 4207, 4096, 1854]"
266,3184,"[4106, 4760, 3810, 1973, 1235, 2511, 2988, 1455, 2616, 2503]"
267,7449,"[1118, 2756, 908, 2549, 708, 4665, 2949, 3710, 2283, 2377]"
268,5006,"[708, 1519, 2155, 2281, 2274, 3198, 348, 284, 109, 2795]"
269,6270,"[3510, 3063, 72, 1738, 3481, 4131, 308, 1288, 2459, 1957]"
270,840,"[4270, 2906, 3594, 4642, 1485, 4517, 647, 3915, 2274, 744]"
271,4717,"[4446, 648, 4945, 2848, 2820, 9, 708, 181, 4207, 345]"
272,2499,"[2274, 4847, 297, 4911, 2848, 53, 2119, 3342, 268, 4798]"
273,6270,"[2820, 4270, 4053, 1952, 105, 2442, 1181, 1650, 297, 1436]"
274,5010,"[740, 4091, 1984, 2756, 908, 1646, 297, 786, 648, 2549]"
275,5695,"[4446, 4783, 740, 4091, 647, 3551, 983, 1646, 4814, 767]"
276,2499,"[193, 4270, 4477, 361, 4005, 882, 62, 1787, 1373, 1921]"
277,840,"[4177, 5, 2820, 708, 2283, 4382, 4738, 2274, 815, 2459]"
278,5006,"[708, 2377, 2227, 4005, 3483, 4665, 4501, 116, 882, 2293]"
279,6906,"[4457, 832, 145, 361, 4642, 2949, 2355, 3102, 2970, 754]"
280,6270,"[3459, 3820, 98, 4105, 4814, 2949, 2274, 1904, 4001, 1088]"
281,5006,"[3300, 1252, 2756, 1197, 648, 4336, 2549, 1357, 2820, 1605]"
282,5010,"[2756, 4493, 4665, 3102, 1631, 397, 1611, 4798, 2547, 882]"
283,2499,"[193, 4270, 3740, 4642, 62, 1485, 3282, 1752, 3467, 2949]"
284,6906,"[648, 361, 4652, 4986, 1753, 2779, 1628, 3122, 3432, 1085]"
285,6270,"[2256, 4270, 960, 1091, 114, 4516, 3791, 3183, 1443, 1595]"
286,6270,"[4482, 2274, 4096, 2996, 3479, 3267, 4987, 2730, 297, 1240]"
287,6270,"[2274, 945, 2799, 4195, 3510, 85, 442, 2442, 105, 4270]"
288,5010,"[708, 4599, 3078, 2750, 1287, 4106, 1899, 2549, 4847, 2970]"
289,6270,"[4814, 1601, 4270, 4573, 1306, 3459, 2920, 2455, 3590, 3696]"
290,5010,"[4446, 4091, 4177, 647, 4026, 767, 648, 2549, 88, 193]"
291,4717,"[145, 3519, 2906, 3817, 4396, 240, 4177, 4683, 4106, 866]"
292,6270,"[4005, 2988, 2352, 3509, 4561, 1458, 3459, 3431, 4428, 520]"
293,5010,"[4446, 740, 908, 4336, 4894, 193, 986, 3201, 484, 4918]"
294,6270,"[648, 2274, 44, 2970, 4131, 4961, 1181, 927, 213, 1894]"
295,6276,"[4446, 740, 1653, 1984, 908, 983, 1646, 4026, 3037, 648]"
296,3184,"[4783, 4177, 2756, 4814, 3037, 297, 2549, 2220, 1755, 3732]"
297,5010,"[4814, 648, 708, 815, 4270, 4533, 4683, 2833, 112, 1405]"
298,6270,"[1611, 750, 2890, 4270, 870, 923, 1074, 2610, 639, 1429]"
299,6270,"[3102, 3939, 276, 3092, 3497, 2532, 648, 2829, 3432, 2951]"
300,6270,"[2256, 4270, 361, 1764, 3078, 3092, 3355, 2501, 3794, 3304]"
301,5006,"[4752, 2300, 4527, 4642, 158, 4398, 3072, 1855, 647, 1096]"
302,6270,[]
303,5010,"[648, 3704, 484, 4918, 708, 4904, 3432, 4725, 3109, 713]"
304,840,"[484, 2949, 2274, 4270, 20, 4642, 1712, 2610, 882, 1178]"
305,5319,"[284, 3952, 474, 1671, 1578, 4005, 3284, 141, 2392, 4932]"
306,2499,"[4573, 1667, 4642, 80, 4049, 4683, 4955, 2139, 668, 4280]"
307,2499,"[361, 3510, 193, 4226, 181, 3305, 112, 416, 4005, 4642]"
308,840,"[647, 786, 4955, 4836, 2280, 4738, 4445, 2530, 4642, 2795]"
309,6270,"[4989, 2919, 4131, 1240, 3183, 3338, 276, 4091, 4270, 1464]"
310,5006,"[4783, 812, 1653, 1984, 3813, 4026, 648, 4945, 2549, 2848]"
311,6270,"[3652, 3829, 3510, 4765, 4270, 874, 4477, 1646, 4005, 2247]"
312,840,"[3510, 708, 3300, 4270, 366, 1244, 989, 1008, 2694, 4798]"
313,840,"[2155, 4245, 1074, 3337, 4814, 1118, 2355, 145, 4190, 3636]"
314,6270,"[2274, 4270, 266, 772, 276, 4337, 3696, 2548, 4686, 495]"
315,5010,"[1118, 4091, 3300, 4827, 647, 1984, 2756, 983, 4814, 3263]"
316,6270,"[1091, 484, 4561, 2430, 1611, 4194, 4722, 1353, 1809, 4049]"
317,5010,"[903, 4814, 125, 2342, 2274, 4642, 145, 668, 3519, 804]"
318,6270,"[182, 2353, 2830, 2610, 62, 4382, 4524, 3282, 145, 1485]"
319,63,"[2549, 4665, 2949, 18, 416, 2454, 145, 3782, 882, 4757]"
320,3203,"[3510, 203, 1690, 4501, 2139, 4894, 465, 4642, 2320, 2256]"
321,3184,"[4446, 4783, 4177, 2, 647, 1653, 4810, 1252, 357, 903]"
322,2499,"[565, 989, 4096, 266, 827, 2155, 1602, 3005, 3942, 1388]"
323,5010,"[4573, 172, 114, 4960, 2163, 4575, 2637, 4738, 617, 361]"
324,2499,"[3810, 2342, 2155, 109, 3335, 4642, 2773, 3564, 1611, 46]"
325,4717,"[713, 72, 4290, 198, 1068, 4676, 1611, 4642, 361, 1918]"
326,6906,"[3823, 3300, 4827, 2756, 908, 3813, 297, 1690, 2549, 2848]"
327,5010,"[1443, 4966, 2342, 708, 3078, 416, 2409, 1176, 2820, 4722]"
328,6335,"[740, 2756, 437, 2848, 193, 2246, 828, 2377, 4954, 1304]"
329,840,"[708, 2949, 2274, 3198, 4642, 2795, 4044, 4941, 2122, 609]"
330,4717,"[4783, 1601, 1602, 3510, 4270, 3798, 4642, 268, 3424, 4071]"
331,6270,"[4573, 3510, 4382, 3102, 2353, 62, 4990, 2933, 1306, 1172]"
332,6270,"[4477, 72, 4481, 2955, 4814, 62, 4091, 484, 2274, 1196]"
333,6270,"[4106, 2274, 3150, 484, 4270, 4005, 903, 4319, 1740, 131]"
334,840,"[2848, 708, 361, 2549, 4017, 505, 198, 4642, 2970, 2897]"
335,2499,"[740, 983, 2848, 1128, 2988, 2225, 109, 4642, 1056, 2697]"
336,840,"[4783, 1984, 679, 193, 3732, 4093, 1602, 3258, 4738, 3510]"
337,6906,"[4091, 648, 4945, 4894, 1728, 1253, 4245, 2912, 2988, 532]"
338,6906,"[586, 1253, 2988, 4270, 4888, 2200, 276, 923, 617, 630]"
339,6270,"[740, 357, 648, 2274, 4096, 276, 361, 3506, 2474, 945]"
340,6906,"[4683, 4642, 908, 1202, 2639, 1611, 3643, 2455, 2949, 4634]"
341,840,"[708, 2949, 2274, 416, 1443, 4642, 80, 4106, 1684, 1857]"
342,1168,"[4642, 4270, 648, 4091, 3048, 4929, 2525, 4836, 4683, 3238]"
343,2499,"[4446, 3551, 1601, 193, 2820, 4955, 2105, 2608, 1740, 1276]"
344,6270,"[588, 3962, 4904, 3078, 4131, 285, 3030, 2274, 1074, 4514]"
345,332,"[1646, 4814, 2549, 1601, 4894, 1288, 3174, 708, 4665, 1711]"
346,2499,"[983, 1406, 2377, 2342, 1740, 2155, 4245, 2988, 4683, 923]"
347,2683,"[4814, 1698, 4642, 4477, 2549, 2608, 2970, 1133, 2532, 4106]"
348,63,"[4446, 4783, 1906, 4091, 4177, 3300, 812, 647, 1653, 1252]"
349,4253,"[647, 2756, 976, 866, 1089, 193, 4493, 3732, 4918, 463]"
350,800,"[708, 3459, 4005, 505, 176, 532, 361, 3324, 4017, 4961]"
351,840,"[416, 923, 145, 4022, 4005, 866, 4047, 2280, 2709, 3952]"
352,2499,"[2949, 1013, 2848, 105, 2342, 3073, 3435, 3068, 4642, 448]"
353,5010,"[908, 2274, 193, 2958, 4683, 4635, 4270, 18, 3982, 648]"
354,6270,[]
355,5006,"[4446, 4783, 740, 3300, 812, 647, 1984, 2756, 3551, 3813]"
356,7655,"[740, 983, 193, 125, 4836, 4738, 4245, 769, 4270, 4533]"
357,335,"[4270, 3715, 4573, 1611, 1457, 4642, 648, 4308, 276, 2933]"
358,5010,"[484, 4533, 2210, 361, 3261, 1970, 2726, 609, 325, 3078]"
359,4717,"[647, 1646, 2549, 2848, 2820, 4918, 708, 463, 3185, 181]"
360,840,"[2848, 3942, 1034, 2470, 4270, 1715, 548, 4676, 3775, 2769]"
361,840,"[740, 4091, 4177, 1984, 4814, 3037, 1089, 437, 2549, 679]"
362,840,"[1020, 72, 1178, 4496, 1405, 1670, 198, 105, 2088, 85]"
363,5010,"[4382, 3431, 2903, 127, 647, 125, 4106, 917, 4573, 4659]"
364,6270,[]
365,840,"[708, 1736, 4738, 4270, 276, 4635, 4005, 804, 4044, 1004]"
366,6270,[]
367,840,"[4894, 2820, 276, 361, 145, 83, 2251, 3594, 4091, 4005]"
368,6270,[]
369,6276,"[1118, 4446, 4783, 647, 983, 1646, 4814, 3037, 866, 786]"
370,6270,"[2988, 3459, 242, 1752, 3628, 4005, 4791, 4573, 1913, 3271]"
371,6270,"[1184, 4177, 648, 4561, 616, 4652, 200, 3637, 562, 3602]"
372,5010,"[4814, 1601, 484, 2949, 1722, 276, 66, 1074, 3687, 145]"
373,2683,"[4446, 740, 4091, 3300, 2, 1653, 1984, 983, 648, 4945]"
374,840,"[4783, 4955, 125, 2274, 4270, 3798, 4642, 361, 553, 3410]"
375,5010,"[647, 648, 150, 2342, 2663, 4245, 54, 565, 3911, 3643]"
376,6906,"[1646, 2848, 4493, 1605, 1343, 238, 4880, 1556, 1406, 548]"
377,1910,"[648, 2549, 484, 708, 2912, 3524, 617, 2470, 989, 3225]"
378,6270,[]
379,6270,"[2949, 282, 145, 112, 72, 3262, 2581, 648, 401, 2937]"
380,800,"[3510, 4302, 4270, 532, 1667, 2454, 1270, 3424, 2560, 1465]"
381,2499,"[4814, 2280, 1740, 4270, 3432, 2355, 361, 2500, 4005, 397]"
382,5006,"[1984, 648, 2848, 4432, 2949, 1709, 4954, 586, 2342, 3685]"
383,6270,"[927, 4265, 794, 4005, 361, 1173, 4951, 4270, 648, 1485]"
384,335,"[2848, 4642, 647, 744, 4396, 58, 4111, 3282, 945, 4501]"
385,6270,"[1004, 266, 361, 3142, 1158, 4457, 3097, 421, 3785, 58]"
386,2499,"[2848, 4918, 1711, 2674, 2377, 4738, 4270, 3715, 3078, 41]"
387,6270,"[3510, 4005, 145, 62, 4342, 2267, 85, 1485, 281, 361]"
388,840,"[2392, 2782, 4738, 3942, 3312, 1623, 4106, 1751, 1913, 1993]"
389,2499,"[740, 1357, 4932, 125, 2342, 3048, 1535, 1531, 3018, 361]"
390,6270,"[297, 4270, 2194, 2820, 72, 1074, 3510, 2949, 741, 4003]"
391,6270,"[1556, 4337, 4573, 4106, 3078, 1686, 112, 176, 953, 151]"
392,6270,"[4128, 488, 191, 4702, 3271, 767, 1684, 4286, 960, 3210]"
393,6270,[]
394,6270,"[4096, 953, 315, 106, 2647, 1406, 2396, 2203, 3888, 1235]"
395,7655,"[361, 4043, 173, 505, 1611, 4918, 3459, 2549, 882, 2779]"
396,2499,"[2949, 1184, 2854, 366, 2801, 1698, 2274, 2953, 72, 4111]"
397,6270,"[4177, 2949, 2274, 361, 1764, 1611, 3459, 1921, 2799, 4005]"
398,6270,"[4270, 98, 4337, 1825, 2455, 1418, 3425, 4206, 1995, 3483]"
399,2499,"[740, 4091, 983, 1022, 193, 2949, 1711, 3883, 4675, 3102]"
400,6270,"[3602, 444, 495, 772, 522, 145, 1854, 1221, 4171, 648]"
401,5319,"[648, 193, 4245, 4691, 284, 3335, 4926, 145, 1014, 3207]"
402,2499,"[4918, 4106, 3553, 217, 3102, 4573, 1933, 3167, 4091, 125]"
403,6270,"[3102, 4573, 3210, 2439, 1485, 251, 4106, 1667, 827, 444]"
404,5010,"[276, 4396, 4533, 4757, 2280, 4270, 532, 203, 2958, 3775]"
405,6270,"[569, 4106, 4799, 62, 2, 3483, 2773, 1946, 4270, 182]"
406,6270,"[4945, 679, 209, 2975, 2430, 4961, 648, 276, 2274, 145]"
407,6270,"[484, 1904, 2377, 496, 2274, 2795, 4005, 397, 145, 945]"
408,6270,"[2988, 361, 1464, 648, 112, 4005, 276, 2176, 3885, 4509]"
409,6270,"[1455, 1764, 3459, 1785, 421, 3979, 1752, 3847, 1587, 2739]"
410,6270,"[648, 2274, 4573, 4005, 112, 1196, 4652, 4987, 2376, 483]"
411,6270,[]
412,6270,"[1646, 2949, 2377, 2274, 3510, 4567, 2773, 4106, 2730, 62]"
413,2499,"[4005, 973, 1946, 2639, 115, 1087, 4164, 1096, 1818, 134]"
414,6270,"[648, 4954, 4245, 2210, 3145, 3955, 2736, 3510, 2188, 131]"
415,6270,"[3102, 3510, 416, 276, 4106, 2353, 4757, 72, 2649, 3146]"
416,840,"[2639, 882, 361, 3199, 145, 484, 416, 4581, 2548, 4126]"
417,5006,"[4177, 648, 2274, 4888, 4005, 2348, 1921, 62, 1578, 459]"
418,6270,"[648, 276, 4514, 4245, 2300, 4342, 740, 4319, 4840, 2750]"
419,6270,"[4270, 4683, 3798, 1555, 691, 3647, 4532, 4091, 2455, 2513]"
420,4717,"[4446, 4091, 2, 1252, 1984, 4814, 297, 2820, 1567, 4045]"
421,6270,"[4096, 3078, 989, 315, 3888, 4091, 3847, 1686, 2317, 361]"
422,6270,"[3510, 4691, 960, 98, 361, 4344, 2770, 1713, 2392, 2024]"
423,3203,"[4446, 3661, 708, 2833, 361, 4937, 4005, 2207, 2970, 1599]"
424,5319,"[908, 2549, 708, 2739, 4270, 4683, 2355, 268, 361, 4106]"
425,6270,"[4683, 2773, 4106, 3078, 145, 2890, 87, 3282, 3483, 1753]"
426,4717,"[4446, 740, 4177, 647, 1984, 1646, 4814, 767, 786, 437]"
427,6270,"[1200, 3847, 4270, 2274, 2430, 3144, 4708, 239, 3483, 2970]"
428,6270,"[276, 4270, 3661, 4683, 648, 1091, 2688, 2300, 3295, 3928]"
429,6270,"[4177, 2274, 361, 4005, 4029, 2320, 4286, 519, 4899, 2829]"
430,6270,"[1646, 5, 3201, 3710, 2718, 3510, 4270, 268, 361, 4005]"
431,6270,"[4091, 2820, 2949, 4128, 2274, 4270, 4005, 4106, 3226, 4069]"
432,6270,"[4177, 4683, 4704, 276, 2607, 3078, 4594, 4561, 2320, 1476]"
433,6270,"[853, 2750, 4517, 4675, 483, 3168, 4245, 1253, 95, 654]"
434,840,"[1984, 1785, 1857, 3509, 827, 832, 2919, 2274, 3775, 4748]"
435,6270,"[3497, 4005, 3459, 4044, 4894, 2975, 681, 3084, 2803, 105]"
436,6270,[]
437,6270,"[4337, 3452, 72, 315, 1317, 2949, 1289, 1752, 2576, 484]"
438,6270,"[145, 1662, 1057, 4683, 3324, 4814, 276, 2101, 361, 3883]"
439,840,"[1984, 297, 4945, 4880, 1556, 4954, 2988, 2122, 3341, 276]"
440,6270,"[276, 4005, 145, 2536, 973, 1555, 1184, 3928, 3337, 112]"
441,840,"[357, 4782, 946, 4124, 276, 4698, 4005, 2499, 4798, 285]"
442,6906,"[4446, 4814, 648, 2848, 4245, 4793, 284, 2194, 145, 3820]"
443,6270,"[4894, 2820, 2274, 4270, 361, 4005, 3226, 1074, 1751, 268]"
444,6270,"[648, 2988, 1181, 4535, 2274, 3820, 754, 4645, 3782, 3330]"
445,6270,"[3201, 2155, 4106, 1611, 396, 4337, 1091, 4194, 145, 276]"
446,6270,"[416, 1443, 2795, 3459, 3226, 1091, 4847, 4650, 2897, 741]"
447,2499,"[3048, 4270, 361, 3375, 4527, 3928, 3590, 1175, 647, 4344]"
448,6270,"[2274, 3510, 4270, 3372, 4885, 2971, 1659, 4064, 4894, 1007]"
449,6270,"[1096, 2274, 1764, 3432, 4118, 3910, 2970, 1074, 3459, 1854]"
450,6270,"[4847, 2274, 4708, 116, 2782, 201, 786, 44, 3375, 4894]"
451,6270,"[3510, 1476, 4290, 3914, 266, 1809, 1731, 2283, 4106, 2730]"
452,7655,"[4390, 986, 238, 4880, 2608, 2646, 3510, 4475, 4683, 1048]"
453,4623,"[648, 125, 4245, 2996, 4642, 4481, 295, 4396, 989, 3519]"
454,2499,"[1646, 1601, 286, 3085, 882, 4983, 127, 741, 1004, 1464]"
455,800,"[4446, 4783, 4177, 2, 647, 1653, 1252, 357, 903, 908]"
456,800,"[986, 1037, 3198, 4642, 3078, 1611, 1464, 83, 1485, 3923]"
457,5010,"[3102, 4642, 3432, 4757, 2280, 2637, 475, 2949, 4738, 652]"
458,7655,"[2949, 1711, 769, 98, 4642, 4635, 145, 2970, 749, 1464]"
459,840,"[927, 3452, 1522, 4670, 4270, 3497, 4738, 57, 3543, 1572]"
460,840,"[4091, 1252, 1984, 908, 983, 4814, 2549, 4, 1128, 2246]"
461,5319,"[1404, 2639, 112, 740, 2122, 4876, 3457, 3650, 3509, 3510]"
462,3184,"[1457, 72, 2280, 4034, 4106, 2207, 388, 98, 24, 4929]"
463,5319,"[812, 2, 647, 2848, 2820, 3810, 1053, 605, 839, 2280]"
464,6270,"[439, 1611, 3407, 361, 2155, 4683, 3909, 2688, 2999, 3506]"
465,6270,"[1074, 1611, 2784, 444, 3030, 3459, 1184, 1667, 4922, 3953]"
466,840,"[983, 4814, 484, 708, 2280, 2274, 4475, 266, 2210, 416]"
467,840,"[923, 749, 4894, 1983, 2549, 505, 145, 3813, 4342, 2447]"
468,6270,"[4760, 1611, 1995, 2681, 1753, 4989, 3892, 521, 98, 2102]"
469,6270,[]
470,2683,"[3459, 1877, 1619, 4014, 4961, 2726, 3536, 2207, 2380, 1519]"
471,6270,"[2949, 1485, 2799, 2970, 112, 1611, 3292, 85, 3210, 2468]"
472,2499,"[4446, 3510, 4642, 2194, 882, 1698, 1172, 4142, 2310, 1960]"
473,4717,"[2755, 125, 2516, 4752, 145, 3779, 141, 1642, 3432, 2342]"
474,6270,"[3078, 660, 2744, 1607, 3459, 2610, 4683, 945, 58, 85]"
475,6270,[]
476,840,"[125, 3238, 2274, 3198, 4642, 361, 3424, 3728, 145, 4798]"
477,840,"[3813, 2970, 4564, 505, 1994, 1984, 2639, 3584, 361, 4396]"
478,6270,[]
479,3203,"[647, 1057, 125, 4665, 1519, 2674, 4742, 532, 4475, 4683]"
480,800,"[4270, 4704, 1306, 786, 2139, 708, 112, 1324, 4940, 647]"
481,6335,"[2988, 3519, 3164, 4086, 2848, 532, 4642, 80, 2280, 3890]"
482,6270,"[266, 3078, 3459, 4594, 989, 1787, 3536, 1457, 1476, 2501]"
483,4717,"[740, 4091, 4827, 1984, 903, 983, 1646, 976, 4814, 3037]"
484,5006,"[4642, 4332, 2610, 2025, 495, 125, 288, 908, 3510, 4110]"
485,3203,"[2105, 3510, 2139, 1984, 4738, 298, 4093, 2949, 3078, 4342]"
486,840,"[740, 4955, 708, 276, 4005, 4986, 973, 152, 1269, 2355]"
487,6906,"[740, 4091, 2756, 983, 4814, 4945, 4782, 2549, 4493, 3182]"
488,840,"[4190, 3454, 1074, 203, 2274, 1118, 1555, 262, 3258, 4572]"
489,6906,"[112, 2955, 4826, 4757, 1698, 4793, 484, 4652, 2848, 4814]"
490,6270,[]
491,5010,"[1646, 708, 361, 80, 1683, 145, 2958, 1129, 165, 3611]"
492,5010,"[1457, 4428, 647, 740, 4457, 339, 107, 2820, 4091, 4207]"
493,5010,"[647, 1128, 2949, 18, 416, 4642, 4106, 239, 3226, 157]"
494,5010,"[4091, 1646, 786, 2549, 2820, 484, 8, 708, 3685, 2274]"
495,5010,"[4783, 3300, 1984, 983, 4918, 708, 1388, 181, 4738, 4683]"
496,590,"[4783, 4091, 2756, 908, 3813, 4814, 648, 4918, 708, 125]"
497,6906,"[297, 2549, 2848, 1605, 1556, 4245, 3905, 3335, 4567, 956]"
498,7655,"[4005, 145, 4804, 739, 2101, 1404, 1218, 769, 2884, 1698]"
499,3203,"[2136, 4778, 4752, 20, 772, 989, 4393, 4327, 1337, 3977]"
500,5006,"[125, 4064, 145, 323, 1725, 3798, 4106, 532, 3715, 4831]"
501,5010,"[708, 3201, 2155, 4106, 2792, 4342, 3835, 4372, 4098, 3472]"
502,5010,"[708, 2342, 1740, 1190, 4396, 3519, 4652, 1198, 2970, 972]"
503,800,"[983, 679, 708, 238, 1088, 3102, 4047, 145, 4396, 3519]"
504,800,"[4783, 4177, 647, 1653, 2756, 903, 983, 3813, 1498, 976]"
505,840,"[1922, 193, 4245, 772, 4880, 4686, 1174, 3934, 125, 953]"
506,335,"[1118, 4446, 4783, 740, 4091, 4827, 647, 1653, 1252, 983]"
507,6270,"[4106, 4561, 1253, 3312, 2782, 1957, 4955, 2274, 4691, 1446]"
508,2499,"[4446, 4783, 740, 4091, 2, 647, 983, 866, 297, 2218]"
509,840,"[4177, 4894, 4955, 125, 1037, 1048, 3533, 505, 2170, 106]"
510,840,"[708, 953, 629, 2300, 1456, 361, 3509, 4096, 4968, 2697]"
511,3203,"[1740, 157, 1084, 1578, 2799, 125, 3271, 1088, 4642, 1548]"
512,3203,"[4091, 648, 2848, 679, 4955, 708, 125, 4708, 2256, 2280]"
513,840,"[708, 1050, 692, 917, 125, 4645, 145, 4911, 3715, 2274]"
514,3203,"[740, 1984, 2756, 983, 976, 1601, 2220, 3732, 3810, 125]"
515,800,"[908, 2848, 3710, 1519, 4382, 3102, 4270, 4888, 4642, 112]"
516,2499,"[4319, 4446, 2280, 4661, 2988, 125, 3950, 4573, 780, 4929]"
517,2499,"[2274, 4642, 3102, 2848, 4005, 2439, 3590, 1218, 4090, 2639]"
518,840,"[4091, 1984, 297, 484, 708, 4128, 1276, 4270, 4005, 668]"
519,4717,"[740, 4091, 4177, 647, 983, 297, 1089, 648, 986, 4955]"
520,7655,"[125, 4275, 2377, 4738, 4096, 3510, 1983, 4573, 3424, 3078]"
521,840,"[740, 297, 125, 3510, 4270, 4453, 3018, 361, 3078, 145]"
522,840,"[125, 2377, 2274, 2355, 3602, 2848, 3228, 1960, 2949, 2501]"
523,840,"[3078, 4270, 2034, 2470, 1651, 262, 4578, 4195, 97, 2970]"
524,840,"[2848, 2274, 4963, 112, 973, 85, 2843, 2146, 4738, 3911]"
525,2499,"[1646, 1711, 3198, 1048, 1074, 3078, 1611, 989, 389, 495]"
526,2499,"[647, 2155, 4642, 945, 2970, 882, 191, 1571, 1478, 3102]"
527,840,"[1690, 266, 4642, 2973, 4043, 145, 519, 543, 2890, 518]"
528,840,"[647, 903, 983, 2820, 54, 4642, 361, 4005, 3424, 792]"
529,4717,"[4446, 3888, 2206, 2263, 40, 4270, 2198, 1728, 565, 62]"
530,6270,"[1436, 3782, 4686, 145, 1756, 4342, 3847, 151, 3509, 3910]"
531,840,"[4894, 2246, 37, 4445, 4642, 276, 3168, 3571, 633, 1732]"
532,3203,"[416, 708, 125, 908, 3225, 882, 2686, 4091, 532, 2756]"
533,800,"[4446, 3300, 2, 647, 1252, 2756, 3551, 983, 3813, 4026]"
534,6270,"[3785, 4265, 276, 484, 3393, 10, 4561, 4248, 3102, 903]"
535,2683,"[855, 4270, 58, 648, 3241, 4927, 882, 581, 2726, 3628]"
536,840,"[112, 4501, 2088, 3192, 1409, 1945, 3930, 708, 4527, 2355]"
537,840,"[4270, 4106, 2139, 505, 1549, 880, 3048, 3810, 3138, 1653]"
538,840,"[125, 2274, 3715, 732, 4106, 3754, 3491, 4642, 565, 145]"
539,840,"[2949, 2246, 4128, 4245, 4691, 3341, 4642, 276, 145, 4786]"
540,840,"[2549, 3715, 3479, 2998, 2661, 125, 2658, 2577, 3510, 4911]"
541,5010,"[125, 2355, 2903, 3754, 3732, 3335, 1785, 4477, 3441, 2274]"
542,5010,"[4446, 4783, 4894, 3175, 986, 4918, 125, 3676, 2608, 4760]"
543,2499,"[4061, 2949, 3888, 85, 4954, 80, 2210, 1405, 1611, 112]"
544,840,"[4091, 2549, 2820, 125, 2274, 3715, 3314, 3591, 2657, 4005]"
545,840,"[647, 4945, 4782, 20, 361, 1510, 4652, 1555, 1129, 3928]"
546,1093,"[4177, 3300, 647, 1653, 1646, 786, 2848, 679, 2083, 4493]"
547,840,"[2274, 4642, 2906, 1984, 72, 2501, 2976, 4131, 2773, 903]"
548,2499,"[4918, 4270, 3861, 3888, 4642, 1595, 2820, 1952, 647, 4943]"
549,840,"[647, 4493, 708, 4445, 2658, 109, 3432, 361, 4005, 4106]"
550,840,"[3813, 4642, 1437, 2139, 3329, 1457, 2392, 4774, 1443, 828]"
551,63,"[1252, 1646, 193, 3704, 2949, 4270, 4475, 276, 1631, 66]"
552,63,"[4880, 276, 3728, 4527, 2439, 620, 2355, 673, 2751, 1649]"
553,6270,[]
554,6270,"[4814, 2949, 416, 361, 4106, 145, 870, 2300, 4683, 307]"
555,840,"[145, 361, 2274, 41, 276, 2300, 3820, 2251, 4926, 2194]"
556,6270,"[2274, 4683, 145, 4194, 2300, 1075, 692, 837, 4501, 2489]"
557,840,"[882, 4022, 329, 193, 4665, 112, 2949, 4642, 3183, 240]"
558,6270,"[4894, 396, 3098, 2462, 2095, 3939, 2661, 786, 4270, 1119]"
559,6270,"[4757, 2155, 1790, 4131, 72, 484, 3672, 4989, 14, 2248]"
560,5180,"[648, 4143, 276, 3071, 3767, 2903, 125, 4342, 4573, 34]"
561,5006,"[4783, 4177, 2, 647, 357, 2756, 903, 908, 3551, 3813]"
562,6270,"[1667, 2508, 3510, 4668, 3793, 4652, 36, 1048, 2953, 4177]"
563,2499,"[125, 750, 4668, 3510, 505, 69, 4446, 4709, 348, 4142]"
564,332,"[1118, 4446, 4783, 4177, 647, 4810, 357, 3551, 983, 1646]"
565,6270,"[1443, 1429, 258, 112, 1667, 3210, 3092, 2465, 3914, 4847]"
566,840,"[708, 14, 181, 2280, 2155, 2911, 2773, 2447, 882, 2076]"
567,840,"[749, 3393, 976, 2560, 276, 4245, 145, 3337, 3048, 2988]"
568,6270,"[2989, 2933, 3835, 4290, 3107, 4245, 2256, 44, 56, 4382]"
569,6906,"[4091, 297, 1602, 586, 739, 279, 276, 4337, 66, 4005]"
570,5006,"[648, 1357, 784, 4642, 2795, 1233, 4757, 2924, 2610, 1443]"
571,6270,"[3510, 4270, 3168, 4344, 4005, 4106, 1055, 85, 2390, 2501]"
572,2499,"[647, 4814, 2549, 2848, 1755, 2256, 3888, 4198, 4738, 2274]"
573,5006,"[828, 4382, 315, 1984, 3431, 4911, 3230, 69, 2377, 3424]"
574,5006,"[648, 4336, 708, 2256, 586, 3258, 1037, 4533, 416, 3335]"
575,6270,"[4177, 2467, 2739, 960, 1611, 4342, 1240, 1739, 3483, 2829]"
576,840,"[4493, 484, 2949, 3885, 4245, 4270, 361, 3424, 3754, 505]"
577,6270,"[903, 648, 14, 276, 4570, 4005, 145, 515, 1121, 2975]"
578,5006,"[4783, 2, 4918, 708, 946, 1711, 4953, 2342, 18, 807]"
579,6270,"[4814, 297, 648, 10, 2988, 1443, 794, 145, 3794, 2962]"
580,6270,"[484, 1740, 2274, 1730, 960, 279, 361, 3370, 3459, 112]"
581,840,"[2, 4045, 9, 3102, 3510, 1854, 4270, 3715, 2830, 276]"
582,6270,"[648, 2949, 4683, 145, 249, 63, 112, 2465, 3282, 3078]"
583,6270,"[4128, 361, 4005, 145, 1611, 1244, 2970, 62, 495, 2179]"
584,4717,"[1611, 416, 882, 4093, 40, 4847, 2155, 54, 3862, 4645]"
585,840,"[786, 2549, 2155, 4270, 772, 4106, 1437, 145, 515, 495]"
586,6270,"[4814, 648, 4894, 2274, 4270, 1611, 112, 3282, 2747, 4723]"
587,6906,"[4955, 2756, 4683, 617, 3282, 4128, 989, 4290, 4926, 3602]"
588,6270,"[4814, 4955, 2274, 1278, 4270, 4005, 4126, 3459, 1667, 1715]"
589,5010,"[4091, 647, 125, 3676, 956, 617, 4941, 1472, 577, 1682]"
590,840,"[2697, 125, 4270, 1287, 4506, 116, 708, 4501, 4848, 1196]"
591,5010,"[983, 786, 193, 4977, 125, 1556, 2280, 4738, 2274, 4793]"
592,6270,"[1244, 72, 1289, 4349, 361, 3510, 4652, 1667, 176, 191]"
593,5010,"[740, 648, 986, 882, 4501, 2210, 666, 4894, 2375, 2274]"
594,5010,"[648, 3509, 1670, 2988, 4665, 2756, 708, 827, 3820, 4270]"
595,6270,"[1712, 127, 4098, 3098, 4131, 2155, 4270, 1611, 3510, 2050]"
596,5010,"[983, 708, 1684, 882, 621, 4332, 3689, 4642, 1740, 3039]"
597,2499,"[2848, 193, 2256, 2274, 4270, 4683, 2639, 4642, 2194, 4455]"
598,6906,"[1235, 1646, 3438, 3102, 484, 3063, 4970, 2342, 1337, 3395]"
599,5010,"[1984, 648, 1994, 708, 555, 1007, 4043, 4658, 882, 4890]"
600,840,"[125, 4894, 1007, 668, 193, 973, 2970, 4642, 3102, 4839]"
601,6270,"[945, 3497, 3154, 341, 1740, 449, 4653, 2509, 4177, 4561]"
602,6270,[]
603,6270,"[812, 2949, 2377, 4683, 2210, 4567, 4106, 2474, 3078, 2750]"
604,5319,"[708, 4106, 262, 2139, 3519, 3647, 402, 2088, 3097, 4091]"
605,6270,"[2949, 416, 1443, 361, 4126, 4462, 928, 2392, 3262, 4596]"
606,2499,"[2274, 3421, 4642, 3198, 4911, 265, 1096, 827, 3903, 2439]"
607,6270,"[1475, 1535, 145, 1764, 1667, 3322, 2559, 3004, 1774, 2750]"
608,2499,"[4446, 4783, 740, 193, 125, 1602, 1388, 4760, 4722, 2155]"
609,840,"[357, 1984, 3810, 125, 238, 3955, 2949, 2256, 1740, 4738]"
610,5010,"[1698, 2155, 3635, 2356, 2532, 45, 299, 1485, 2506, 1611]"
611,6270,"[1602, 3292, 2122, 2210, 4477, 4005, 3431, 3652, 3011, 112]"
612,6270,"[112, 3324, 486, 2682, 2207, 105, 3856, 2135, 495, 2392]"
613,840,"[647, 679, 4270, 4926, 361, 4005, 2773, 4106, 3078, 1712]"
614,840,"[4390, 484, 708, 1406, 3715, 361, 4106, 844, 145, 4457]"
615,840,"[4128, 4642, 1269, 4106, 732, 3612, 2549, 1281, 3594, 577]"
616,6270,[]
617,6270,"[158, 1611, 3928, 2310, 3300, 1555, 3154, 3849, 2933, 262]"
618,6270,"[449, 4245, 4005, 1740, 4799, 1556, 2694, 3459, 3241, 145]"
619,800,"[647, 4918, 708, 2988, 505, 453, 1087, 4966, 112, 416]"
620,840,"[740, 908, 4894, 708, 125, 3510, 4270, 4642, 276, 361]"
621,840,"[2816, 484, 708, 125, 3048, 2639, 2200, 361, 1224, 80]"
622,840,"[1740, 4738, 3078, 2004, 2246, 324, 193, 125, 930, 4758]"
623,6906,"[740, 437, 4918, 1128, 3676, 3885, 1740, 3510, 4793, 4445]"
624,5319,"[125, 4683, 24, 3078, 1087, 4847, 4642, 2274, 4989, 2142]"
625,840,"[740, 2848, 4493, 708, 238, 181, 4128, 4245, 361, 80]"
626,840,"[708, 4164, 3510, 4270, 2210, 3905, 1404, 361, 4106, 145]"
627,800,"[4783, 2, 647, 1984, 2756, 903, 1633, 773, 1089, 648]"
628,840,"[2549, 4698, 4005, 145, 1642, 3818, 973, 4970, 3962, 2501]"
629,1168,"[708, 3439, 4642, 2274, 361, 3609, 105, 2295, 2739, 18]"
630,3184,"[4814, 1601, 1357, 4894, 3939, 2820, 1057, 125, 4665, 14]"
631,6270,"[2949, 14, 2155, 276, 38, 3322, 4757, 4911, 953, 2782]"
632,7655,"[98, 416, 361, 484, 3711, 2970, 882, 4836, 499, 1646]"
633,5006,"[4741, 3989, 53, 570, 145, 3506, 1698, 2616, 4098, 4400]"
634,840,"[4814, 125, 2274, 2179, 4724, 1569, 1287, 2392, 708, 88]"
635,840,"[193, 125, 4642, 1244, 42, 1684, 2921, 191, 72, 519]"
636,840,"[4642, 3880, 2280, 1219, 4152, 569, 4344, 1129, 3845, 3741]"
637,840,"[193, 2280, 4642, 4001, 276, 145, 2773, 4106, 1921, 772]"
638,840,"[708, 2549, 505, 125, 2540, 2034, 3432, 682, 1720, 3862]"
639,6270,"[2820, 3849, 4683, 4106, 62, 1485, 3795, 3432, 276, 1667]"
640,6906,"[740, 4091, 4177, 3813, 2549, 2848, 2949, 3885, 2246, 4971]"
641,2499,"[1970, 2773, 945, 341, 647, 2155, 1698, 769, 3928, 1632]"
642,6270,"[3068, 114, 3510, 4290, 1010, 4658, 4650, 2694, 2274, 209]"
643,6270,"[484, 3078, 2949, 3459, 2858, 2970, 930, 2390, 2142, 85]"
644,2499,"[3432, 3728, 4695, 882, 1198, 2126, 4270, 4043, 3238, 2315]"
645,2499,"[395, 2988, 3510, 2820, 4798, 137, 4642, 54, 855, 3820]"
646,5010,"[708, 125, 1602, 2342, 1740, 4245, 2988, 4270, 3900, 1404]"
647,6270,"[2658, 3432, 66, 1611, 3459, 692, 1485, 3022, 4290, 2501]"
648,840,"[1252, 4814, 708, 4270, 4642, 3424, 1254, 505, 4778, 4748]"
649,6270,"[2155, 387, 663, 4894, 4955, 179, 116, 2274, 343, 4683]"
650,6270,"[4874, 1443, 1667, 1774, 3715, 1555, 4005, 1740, 3459, 4043]"
651,3184,"[4783, 740, 4827, 1252, 1984, 903, 1646, 976, 866, 297]"
652,840,"[2105, 1740, 2274, 4005, 4455, 1254, 3207, 1785, 621, 300]"
653,840,"[3602, 2313, 114, 754, 4177, 2274, 297, 72, 112, 4665]"
654,6270,"[484, 1088, 2274, 2694, 816, 397, 3282, 4910, 3078, 1749]"
655,5010,"[708, 2970, 1405, 2207, 331, 2280, 4642, 1711, 484, 297]"
656,6270,[]
657,5010,"[648, 708, 1711, 739, 361, 3078, 2970, 4457, 3802, 2224]"
658,5010,"[3704, 4270, 276, 2355, 1448, 2949, 1740, 2274, 4106, 354]"
659,5010,"[145, 266, 522, 3094, 2751, 3732, 4965, 4757, 337, 1074]"
660,6270,[]
661,6270,"[4177, 2274, 960, 792, 495, 3888, 1611, 1952, 1485, 827]"
662,5010,"[740, 4177, 647, 2274, 532, 112, 1921, 3479, 1926, 1899]"
663,3203,"[940, 2280, 4140, 4573, 4683, 3078, 416, 145, 475, 2499]"
664,6270,"[815, 2474, 4919, 1071, 2795, 1753, 740, 268, 1517, 3221]"
665,6270,"[3410, 3510, 3479, 749, 2024, 4245, 3435, 1443, 2293, 1437]"
666,6270,"[3459, 2274, 114, 4573, 4091, 3193, 2283, 339, 4005, 2820]"
667,2499,"[160, 2639, 181, 4893, 1129, 2949, 4352, 3480, 565, 1923]"
668,6270,"[276, 2688, 679, 4091, 1218, 3783, 772, 2632, 894, 917]"
669,6270,"[3657, 397, 3146, 2200, 145, 98, 4527, 57, 989, 4270]"
670,5010,"[740, 708, 2280, 617, 282, 565, 4847, 4793, 818, 4245]"
671,5010,"[986, 2820, 125, 2949, 2155, 361, 397, 225, 240, 4940]"
672,6270,"[648, 679, 484, 2949, 2155, 3102, 2274, 98, 1020, 268]"
673,5319,"[4783, 740, 4091, 4177, 1984, 983, 1646, 976, 4814, 297]"
674,6270,"[1646, 297, 648, 1343, 420, 4357, 1306, 2256, 2663, 4722]"
675,840,"[4670, 908, 2676, 3813, 4645, 4748, 2674, 105, 647, 116]"
676,6906,"[4457, 3078, 1636, 276, 3305, 112, 255, 2756, 405, 437]"
677,840,"[1304, 4106, 4761, 361, 4126, 4005, 230, 457, 125, 3198]"
678,840,"[3314, 4642, 4698, 80, 1074, 1218, 301, 2455, 276, 2906]"
679,5010,"[4270, 3335, 2274, 1531, 2501, 708, 4814, 3078, 2139, 1405]"
680,6906,"[740, 903, 2848, 5, 484, 2949, 3883, 3814, 1519, 4565]"
681,840,"[357, 983, 484, 4665, 2949, 181, 2155, 145, 112, 882]"
682,6270,"[276, 361, 2522, 4005, 3952, 191, 3271, 3282, 4034, 4894]"
683,6270,[]
684,6270,"[3459, 2610, 2274, 2375, 2749, 4091, 361, 297, 1253, 4955]"
685,2683,"[2274, 20, 3829, 2912, 2831, 1923, 53, 3424, 125, 3314]"
686,6270,"[4091, 4128, 1253, 2274, 4245, 4096, 2988, 4683, 4704, 361]"
687,6270,"[740, 4708, 2377, 4683, 772, 361, 1684, 1673, 4961, 1369]"
688,6270,"[786, 1854, 513, 1429, 1055, 1015, 105, 4171, 1739, 2412]"
689,2499,"[4091, 647, 2549, 4918, 125, 2949, 4971, 1709, 2377, 2280]"
690,6270,"[812, 4814, 4270, 1611, 3459, 4139, 3435, 2049, 3282, 575]"
691,6270,"[3078, 4760, 2155, 953, 145, 361, 58, 112, 3102, 2970]"
692,6270,"[2949, 4382, 3102, 3510, 1854, 2970, 4757, 2510, 660, 3480]"
693,840,"[647, 4026, 2220, 2820, 484, 708, 2949, 2377, 3102, 3510]"
694,6270,[]
695,6270,[]
696,840,"[2848, 940, 708, 2750, 2377, 923, 3095, 70, 3725, 3078]"
697,2499,"[740, 297, 2848, 193, 4918, 1128, 125, 2377, 2342, 3258]"
698,840,"[2549, 708, 403, 4270, 27, 4005, 3424, 1074, 3011, 127]"
699,4717,"[2280, 772, 80, 740, 3631, 726, 2782, 2744, 882, 3391]"
700,5010,"[4783, 866, 648, 1357, 3704, 2274, 4683, 266, 4106, 655]"
701,5010,"[1984, 4814, 648, 708, 586, 2988, 18, 945, 258, 1715]"
702,6270,"[1252, 4814, 4894, 3510, 3798, 4053, 361, 2828, 2610, 989]"
703,840,"[4783, 740, 647, 786, 2816, 1567, 708, 605, 2949, 4867]"
704,6906,"[648, 181, 4245, 3510, 3715, 960, 4533, 1681, 276, 3421]"
705,2499,"[4177, 1646, 4894, 3939, 193, 3174, 3704, 3810, 2280, 403]"
706,6270,"[2820, 2155, 3888, 3102, 276, 4908, 1517, 2883, 4098, 1355]"
707,6270,[]
708,2499,"[2251, 112, 3226, 726, 4533, 2293, 1443, 2256, 265, 3432]"
709,2499,"[4642, 4342, 361, 2549, 575, 300, 4005, 1578, 3424, 784]"
710,7655,"[1984, 297, 2820, 1728, 4918, 2988, 1854, 4270, 1455, 4533]"
711,4717,"[4783, 740, 4091, 4177, 2, 647, 903, 983, 1498, 1646]"
712,840,"[2470, 2848, 2782, 109, 4069, 4270, 609, 2155, 2658, 14]"
713,7655,"[4446, 297, 4270, 284, 4642, 276, 3519, 882, 3063, 2342]"
714,6270,"[1684, 2267, 2377, 1601, 4894, 2155, 4064, 2468, 2830, 921]"
715,6270,"[2119, 1218, 4457, 495, 484, 2829, 4005, 4177, 1740, 2949]"
716,2499,"[4446, 4177, 2549, 193, 3217, 4955, 1519, 2280, 4128, 4722]"
717,5006,"[3510, 4106, 1007, 2549, 4828, 171, 3497, 2088, 3027, 1218]"
718,840,"[4091, 3551, 866, 2549, 679, 484, 4955, 125, 4665, 2949]"
719,5006,"[4446, 4783, 2, 647, 1984, 1646, 2816, 2848, 324, 708]"
720,840,"[903, 4814, 4642, 276, 4698, 2194, 4106, 3078, 2293, 3565]"
721,840,"[786, 2820, 3165, 4128, 2155, 403, 4533, 4642, 276, 4698]"
722,6270,"[3037, 2739, 98, 2470, 4534, 2970, 3367, 1844, 2920, 3795]"
723,5006,"[2820, 2949, 2222, 4798, 3519, 1429, 268, 324, 740, 3982]"
724,3203,"[983, 648, 193, 2949, 2280, 2274, 4245, 3510, 266, 4143]"
725,5010,"[1984, 648, 708, 2274, 276, 1254, 112, 2970, 4757, 2779]"
726,5010,"[3201, 3810, 4955, 4880, 2608, 14, 1519, 3258, 1740, 784]"
727,3184,"[4783, 2, 647, 1653, 1252, 1984, 903, 908, 1498, 1646]"
728,4253,"[2848, 2280, 3432, 2970, 4778, 117, 1646, 1287, 882, 1388]"
729,6270,"[4270, 1057, 1119, 276, 2248, 2522, 920, 3267, 1935, 4677]"
730,6270,"[4091, 679, 4270, 276, 4005, 2394, 2970, 2609, 3078, 3888]"
731,6270,"[4091, 1646, 2739, 4270, 3715, 276, 1202, 945, 3282, 4003]"
732,6270,"[903, 2949, 2795, 276, 4005, 145, 4338, 3092, 4514, 4290]"
733,6270,"[4382, 4270, 3715, 3324, 3509, 2681, 4034, 2945, 4497, 1752]"
734,800,"[4783, 1984, 2756, 3813, 648, 1601, 1357, 193, 3732, 4955]"
735,3203,"[357, 2848, 238, 3185, 4207, 2658, 109, 4642, 1531, 4670]"
736,6276,"[4446, 647, 4810, 1252, 2756, 903, 908, 983, 1646, 773]"
737,840,"[679, 193, 1728, 708, 4128, 3510, 4337, 145, 2970, 3479]"
738,5010,"[125, 594, 145, 3519, 268, 4270, 4642, 1218, 2422, 4234]"
739,6270,"[276, 145, 1809, 4373, 1199, 1269, 3295, 3078, 1904, 2576]"
740,6270,"[1740, 2516, 1443, 2459, 1611, 4941, 2353, 62, 1055, 3483]"
741,840,"[4635, 4179, 2824, 4742, 276, 1443, 708, 2355, 1740, 4847]"
742,2499,"[2549, 2820, 3810, 2949, 2342, 2274, 4642, 1681, 4005, 4798]"
743,63,"[1118, 4783, 679, 4493, 4918, 1406, 1088, 4842, 3102, 4738]"
744,5006,"[145, 908, 1287, 2779, 4960, 648, 416, 557, 1218, 3324]"
745,5006,"[866, 4634, 1711, 2274, 4683, 284, 2356, 4005, 4106, 3078]"
746,840,"[1984, 1197, 4894, 2246, 2155, 1722, 4207, 2274, 3510, 4270]"
747,840,"[2274, 3192, 3198, 4738, 3571, 3675, 72, 109, 4270, 1984]"
748,6270,"[276, 4573, 4106, 1485, 361, 297, 2274, 2359, 4382, 3145]"
749,840,"[4177, 786, 4945, 4894, 193, 3732, 8, 708, 4665, 3185]"
750,6906,"[4091, 145, 882, 1522, 2988, 3939, 284, 648, 3078, 1133]"
751,5006,"[2756, 2848, 4493, 708, 463, 4665, 4954, 586, 4245, 4642]"
752,2499,"[740, 983, 1711, 4836, 181, 4738, 3510, 4691, 109, 4642]"
753,840,"[2832, 4877, 4396, 3350, 2274, 3421, 4642, 1550, 3754, 505]"
754,5006,"[2949, 2342, 3685, 3510, 4683, 1097, 4831, 3067, 49, 125]"
755,5010,"[4091, 647, 3813, 648, 2820, 3810, 4760, 4382, 3102, 1847]"
756,6270,"[1519, 266, 1074, 3085, 4961, 522, 4751, 1181, 3812, 3338]"
757,840,"[1690, 4493, 484, 4955, 1343, 2949, 4880, 4954, 3510, 4691]"
758,840,"[1753, 112, 4022, 1150, 2298, 4742, 361, 214, 2218, 4501]"
759,6270,[]
760,2499,"[647, 2549, 125, 2819, 4836, 181, 416, 4642, 4005, 2139]"
761,840,"[983, 679, 708, 3510, 4270, 54, 109, 4106, 1074, 3078]"
762,2499,"[4783, 740, 4091, 1252, 4814, 2549, 4390, 1602, 4954, 586]"
763,6270,"[3102, 3510, 4481, 158, 145, 112, 3661, 2465, 261, 51]"
764,840,"[4894, 484, 1740, 4270, 4642, 361, 882, 682, 62, 1995]"
765,6270,"[1740, 3510, 4270, 4683, 772, 2610, 1475, 3746, 2119, 3545]"
766,5010,"[846, 3897, 2162, 1068, 262, 1455, 369, 4493, 2820, 2772]"
767,840,"[2848, 3102, 565, 1787, 740, 112, 3738, 2300, 4022, 1406]"
768,840,"[1567, 484, 10, 2949, 3814, 14, 3900, 3715, 4143, 4642]"
769,6270,"[4858, 4106, 112, 648, 3078, 621, 874, 3483, 736, 4005]"
770,5010,"[2549, 4735, 88, 484, 708, 125, 2949, 3885, 3185, 3073]"
771,840,"[4091, 983, 2820, 8, 708, 2949, 4954, 1722, 2274, 3510]"
772,6270,"[4106, 361, 266, 3517, 145, 3483, 2949, 4704, 2820, 2256]"
773,2499,"[647, 2549, 1357, 2820, 1128, 1711, 2608, 2280, 2155, 2274]"
774,6270,"[740, 1602, 4683, 66, 4005, 2178, 645, 145, 2063, 1774]"
775,800,"[3472, 1357, 361, 3665, 2310, 882, 1995, 903, 4194, 1728]"
776,840,"[2848, 4382, 4738, 2274, 145, 3817, 2536, 4960, 3602, 1960]"
777,5006,"[4446, 740, 4177, 647, 2848, 3939, 4372, 4665, 2949, 2528]"
778,7655,"[647, 3102, 4270, 2730, 373, 4061, 127, 60, 4131, 3122]"
779,6270,"[4005, 1189, 3068, 276, 2274, 361, 740, 1994, 3510, 357]"
780,7655,"[2, 647, 1984, 908, 983, 1646, 4814, 866, 648, 2549]"
781,6270,"[648, 2274, 4270, 276, 4767, 4869, 2681, 1015, 2300, 1952]"
782,840,"[4783, 2549, 708, 3102, 3715, 3798, 4477, 4642, 3196, 80]"
783,6270,"[1611, 2439, 4001, 2136, 1317, 4440, 4573, 4245, 4106, 1751]"
784,6270,[]
785,6270,"[4683, 2155, 648, 4270, 37, 2504, 1129, 58, 266, 4894]"
786,840,"[647, 908, 983, 4491, 238, 4382, 4738, 3510, 4270, 4642]"
787,6270,"[740, 2198, 827, 3237, 3472, 4128, 3210, 483, 2508, 1684]"
788,2499,"[4783, 983, 1711, 1709, 3048, 4683, 3798, 2830, 4642, 268]"
789,6270,"[2274, 98, 2470, 3078, 3459, 2970, 4594, 4652, 1177, 3071]"
790,5010,"[983, 3314, 4642, 1519, 976, 125, 4091, 2681, 648, 2902]"
791,6270,"[4955, 4760, 4131, 4091, 3982, 58, 648, 1995, 2912, 2945]"
792,6906,"[4337, 276, 3102, 4128, 1091, 4683, 105, 312, 4888, 3282]"
793,6270,"[4894, 870, 527, 3459, 1913, 960, 655, 1142, 3907, 1572]"
794,2499,"[4814, 297, 786, 2816, 193, 4971, 181, 2663, 2274, 2988]"
795,840,"[4091, 3300, 647, 983, 866, 297, 786, 4945, 4782, 2848]"
796,6906,"[2848, 3510, 4793, 4270, 4396, 2978, 1373, 4218, 3820, 4642]"
797,6270,"[4894, 484, 276, 4573, 1923, 2522, 4106, 2730, 2207, 1218]"
798,6270,"[648, 4955, 4096, 3510, 266, 361, 4005, 4106, 1725, 1774]"
799,6270,"[3810, 4955, 1933, 4005, 2548, 4338, 3459, 449, 2741, 973]"
800,840,"[740, 4177, 983, 786, 437, 193, 1343, 10, 238, 3885]"
801,6270,"[2, 3715, 3432, 3643, 4771, 62, 3813, 4005, 648, 4126]"
802,6270,"[4270, 3459, 2988, 4751, 3267, 98, 4342, 692, 2651, 3760]"
803,2499,"[3102, 2355, 2664, 4960, 4652, 522, 4661, 361, 4642, 1667]"
804,6270,"[1443, 3459, 1464, 2513, 3914, 1353, 2887, 116, 4265, 3337]"
805,6270,"[4128, 2632, 276, 1602, 4270, 145, 4319, 2155, 2688, 4477]"
806,6270,"[4104, 266, 1074, 1611, 1880, 1171, 1121, 2058, 1457, 4245]"
807,5010,"[4941, 4961, 145, 3713, 604, 2178, 4642, 4680, 2970, 989]"
808,6270,"[203, 495, 648, 2610, 4534, 2829, 2656, 1075, 2155, 2002]"
809,6270,"[145, 3794, 4319, 444, 4091, 361, 4652, 14, 397, 4922]"
810,6270,"[361, 145, 960, 1646, 3324, 594, 4017, 1595, 3798, 4106]"
811,6270,"[648, 98, 361, 2828, 945, 2970, 391, 4592, 2311, 4265]"
812,5010,"[4783, 4091, 647, 903, 983, 4814, 648, 2549, 4894, 2820]"
813,6270,"[3480, 361, 4005, 4171, 3509, 2392, 3221, 4177, 1429, 1995]"
814,840,"[193, 366, 3715, 3524, 2188, 4771, 125, 1578, 41, 3952]"
815,840,"[4738, 160, 4642, 940, 2949, 2280, 1636, 4342, 416, 565]"
816,2499,"[3424, 1631, 2393, 4798, 2359, 1494, 268, 193, 2828, 1667]"
817,6270,[]
818,840,"[4783, 4091, 2, 647, 983, 437, 2848, 2820, 1567, 4432]"
819,6906,"[4742, 4918, 1957, 2646, 2355, 145, 3861, 2086, 3319, 4904]"
820,840,"[740, 4091, 2820, 708, 125, 2739, 2274, 4245, 4270, 54]"
821,6270,"[1129, 3022, 4005, 960, 3337, 432, 1860, 1421, 478, 4683]"
822,6270,"[4091, 648, 1156, 4270, 772, 276, 2522, 2215, 44, 945]"
823,5010,"[647, 1711, 532, 361, 617, 1113, 804, 4527, 1196, 193]"
824,332,"[1118, 4446, 4783, 4091, 3300, 4827, 2, 1653, 1252, 357]"
825,840,"[20, 736, 106, 1129, 1855, 4398, 713, 4342, 942, 2155]"
826,840,"[4091, 3300, 1984, 983, 4026, 4093, 708, 125, 1388, 4836]"
827,2499,"[125, 3424, 4656, 1514, 2393, 505, 4880, 2691, 1034, 1995]"
828,6335,"[4091, 786, 4782, 2549, 193, 125, 238, 4867, 3292, 4270]"
829,6276,"[3424, 453, 3831, 203, 648, 112, 2544, 193, 2077, 2311]"
830,5010,"[4459, 2465, 4907, 786, 3125, 1476, 960, 2780, 522, 361]"
831,800,"[772, 361, 112, 1698, 4880, 4797, 3201, 4665, 4888, 4284]"
832,2683,"[648, 125, 1711, 3510, 98, 2562, 4131, 2924, 217, 1175]"
833,4717,"[945, 4635, 2523, 4265, 1735, 2355, 3107, 2454, 1238, 125]"
834,840,"[2949, 4738, 2274, 3510, 145, 2119, 3424, 193, 125, 1313]"
835,6270,[]
836,2499,"[740, 647, 1646, 4814, 437, 2549, 2083, 193, 125, 10]"
837,6270,"[786, 276, 341, 1476, 474, 297, 1171, 649, 4025, 4893]"
838,6270,"[4817, 1038, 1563, 51, 1343, 827, 621, 1605, 1074, 62]"
839,6270,"[2949, 3510, 416, 225, 1485, 3229, 85, 1611, 2178, 2820]"
840,6270,"[4106, 2392, 3510, 4683, 3078, 1753, 2988, 3564, 60, 786]"
841,2499,"[2549, 193, 2274, 3510, 99, 361, 945, 2610, 3898, 1181]"
842,5006,"[647, 2274, 3510, 4567, 4501, 4005, 1400, 740, 1740, 4481]"
843,6270,"[2949, 4954, 3102, 772, 276, 145, 2970, 1646, 1922, 945]"
844,6270,"[3037, 648, 145, 4049, 2559, 1667, 1586, 64, 827, 4074]"
845,2499,"[4918, 181, 2454, 361, 4005, 159, 4022, 882, 1899, 1485]"
846,6335,"[740, 4091, 647, 908, 4814, 767, 297, 437, 4782, 2549]"
847,6270,"[4683, 986, 1142, 2795, 1313, 1074, 265, 4527, 4131, 4270]"
848,5006,"[4561, 276, 3397, 191, 234, 112, 2491, 3355, 744, 2524]"
849,6270,"[361, 1611, 3928, 3352, 4885, 1667, 4005, 3092, 3510, 4270]"
850,6270,"[2949, 3510, 145, 3459, 301, 2975, 4501, 4839, 4069, 1353]"
851,5006,"[1252, 357, 1984, 1646, 1022, 786, 648, 1690, 2549, 4894]"
852,5006,"[617, 3185, 1476, 3271, 4876, 3078, 2421, 239, 1178, 1253]"
853,5006,"[2280, 4128, 3083, 4005, 145, 2447, 882, 1857, 4457, 2390]"
854,2499,"[2549, 2820, 4093, 125, 3885, 4675, 2280, 4128, 2342, 3102]"
855,6270,"[2608, 1854, 4475, 1730, 1142, 51, 613, 2353, 175, 3262]"
856,3203,"[648, 193, 839, 4005, 3424, 4106, 3918, 1946, 2280, 97]"
857,5006,"[2, 1252, 1646, 767, 648, 4482, 2549, 1601, 3175, 3174]"
858,5006,"[2454, 1711, 4005, 3271, 3497, 4475, 882, 2295, 4717, 3432]"
859,6270,"[361, 4106, 112, 2970, 3225, 2799, 4814, 1535, 2949, 2782]"
860,3203,"[297, 2549, 193, 4955, 708, 1602, 2949, 1306, 4164, 4382]"
861,5006,"[2274, 4005, 4767, 112, 2375, 3226, 2908, 1287, 648, 1091]"
862,6270,"[72, 3510, 1475, 220, 297, 1418, 201, 4290, 2056, 2988]"
863,5010,"[4683, 1572, 2034, 1611, 288, 4287, 4406, 4043, 145, 297]"
864,6270,"[4501, 1200, 4683, 3092, 648, 371, 1091, 262, 4270, 112]"
865,6906,"[4091, 2, 983, 4814, 767, 1022, 297, 648, 437, 2549]"
866,6270,"[648, 946, 4245, 3510, 37, 4270, 98, 276, 4005, 3497]"
867,6270,"[4482, 3085, 1880, 62, 741, 322, 397, 1129, 3911, 302]"
868,6270,"[1244, 945, 3071, 58, 3107, 4128, 2704, 2858, 2431, 1121]"
869,6270,"[1923, 3314, 98, 4458, 4177, 4691, 1457, 677, 2890, 343]"
870,2499,"[2274, 4738, 4398, 4642, 2820, 3342, 2949, 3408, 4446, 3260]"
871,6270,"[903, 1633, 4955, 1306, 14, 2274, 4658, 4683, 3314, 276]"
872,6270,"[3510, 3497, 112, 361, 1894, 973, 1181, 3459, 4789, 2970]"
873,6270,"[266, 4477, 4337, 361, 4106, 145, 3003, 1952, 896, 3813]"
874,5006,"[203, 532, 4332, 4005, 2820, 3685, 1334, 3828, 2076, 1013]"
875,2499,"[4477, 3616, 2282, 983, 4270, 4098, 4683, 4844, 4501, 3497]"
876,6270,"[2782, 4270, 3343, 4021, 621, 530, 2119, 2988, 3391, 1712]"
877,2499,"[4091, 647, 88, 4128, 2155, 4270, 4533, 4642, 3018, 4908]"
878,6270,"[960, 2178, 1611, 121, 4590, 3888, 3835, 4398, 1646, 203]"
879,6270,"[648, 361, 4005, 2773, 4961, 3271, 484, 4044, 105, 2949]"
880,5006,"[4783, 1984, 648, 4493, 3127, 2274, 18, 2122, 4642, 397]"
881,2499,"[3057, 4270, 4533, 3510, 324, 4446, 112, 3537, 4642, 4798]"
882,6270,"[4270, 4005, 397, 145, 3459, 4131, 1353, 116, 4106, 1715]"
883,6270,"[484, 2949, 3510, 856, 145, 1611, 1880, 62, 1485, 1457]"
884,840,"[4798, 708, 1238, 448, 276, 2639, 4338, 2355, 2949, 308]"
885,5010,"[2280, 2274, 885, 276, 3888, 945, 648, 2462, 2355, 4814]"
886,6270,"[740, 4501, 4677, 2274, 4270, 2315, 1667, 827, 3068, 2548]"
887,6906,"[2549, 2848, 3704, 1253, 1631, 3517, 4568, 2970, 3892, 882]"
888,3203,"[4783, 1984, 1646, 648, 1357, 4894, 4493, 708, 2739, 2280]"
889,6270,"[3282, 105, 1601, 2392, 2912, 3510, 4723, 361, 1751, 2430]"
890,6270,"[297, 4372, 1343, 2949, 4760, 4675, 3102, 1253, 2274, 4245]"
891,6270,"[3131, 361, 276, 1125, 3888, 98, 3102, 3314, 2828, 1464]"
892,2499,"[88, 3939, 4432, 125, 3102, 2274, 2639, 4642, 3409, 4573]"
893,840,"[1178, 2447, 3928, 4971, 2455, 2523, 1244, 1557, 2549, 361]"
894,6906,"[4091, 908, 1646, 4814, 648, 437, 2549, 1755, 4955, 4918]"
895,6270,"[2377, 3078, 2680, 740, 3407, 1918, 3483, 4827, 361, 677]"
896,6270,[]
897,6270,[]
898,6270,"[276, 1611, 593, 4752, 3102, 4757, 3452, 259, 3835, 239]"
899,5006,"[2949, 284, 617, 4106, 145, 3519, 495, 3267, 4665, 1698]"
900,3184,"[866, 648, 1728, 8, 708, 3064, 946, 1904, 3258, 1024]"
901,800,"[4783, 4177, 647, 1653, 4810, 1984, 2756, 976, 4814, 648]"
902,800,"[1252, 903, 3732, 2820, 484, 2949, 2256, 2246, 181, 4954]"
903,3184,"[647, 908, 1646, 1022, 786, 648, 2549, 1601, 324, 679]"
904,6906,"[1519, 3102, 3198, 495, 2782, 320, 3571, 2903, 882, 4284]"
905,3203,"[3421, 1684, 2138, 64, 4724, 1457, 4553, 315, 2848, 4207]"
906,5006,"[1711, 839, 4128, 2274, 3510, 2996, 4642, 276, 66, 4005]"
907,800,"[1118, 4446, 4783, 4177, 3300, 2, 647, 1252, 357, 1984]"
908,4717,"[740, 647, 4336, 4390, 708, 4234, 4270, 4797, 397, 1244]"
909,2683,"[4783, 4091, 3300, 357, 2756, 983, 4814, 297, 786, 648]"
910,6270,"[4091, 3813, 1601, 1306, 2912, 4270, 2513, 4131, 2799, 4659]"
911,6270,"[2, 2820, 4954, 4270, 98, 276, 4199, 1065, 2633, 64]"
912,6270,"[2949, 3102, 3510, 3715, 145, 3068, 1611, 4098, 3459, 1667]"
913,6270,"[2632, 1103, 4752, 1942, 4128, 3262, 4847, 2782, 2975, 2470]"
914,5010,"[1602, 3102, 2274, 276, 361, 3660, 2975, 2394, 483, 1698]"
915,6270,"[3939, 4683, 4270, 2607, 268, 1369, 1715, 2210, 1667, 3483]"
916,6270,"[2274, 960, 266, 4477, 4344, 444, 2970, 989, 2442, 2897]"
917,6270,[]
918,840,"[2274, 4270, 2501, 1618, 104, 2105, 4642, 3594, 3885, 3715]"
919,6906,"[361, 416, 3510, 4005, 112, 2549, 284, 505, 953, 225]"
920,6270,"[2210, 4501, 58, 300, 648, 827, 4683, 1353, 4573, 1873]"
921,6270,"[648, 4270, 1684, 112, 2970, 51, 157, 2465, 522, 3432]"
922,2683,"[2274, 173, 3564, 2155, 361, 240, 4704, 3102, 3908, 20]"
923,6270,"[945, 276, 4989, 3459, 4912, 2704, 4814, 3510, 3888, 3078]"
924,6270,"[4501, 2970, 3078, 1995, 4699, 172, 3483, 3510, 4683, 3831]"
925,6270,"[1646, 98, 2247, 2311, 2949, 3510, 499, 62, 1485, 3782]"
926,800,"[4446, 648, 2280, 1276, 3424, 2773, 2194, 3564, 882, 1522]"
927,6270,"[3883, 4761, 4140, 3324, 62, 495, 3509, 2636, 457, 1646]"
928,6270,"[3510, 1611, 72, 4097, 1244, 1602, 272, 3107, 4683, 14]"
929,1093,"[4091, 983, 2549, 193, 484, 4634, 2949, 4880, 181, 2280]"
930,6906,"[4634, 276, 2355, 361, 3078, 4652, 1091, 677, 3829, 4373]"
931,800,"[4446, 4783, 1984, 3813, 866, 648, 1601, 679, 2820, 708]"
932,2499,"[127, 288, 2304, 3122, 647, 2119, 3472, 855, 3233, 1190]"
933,6906,"[3037, 1755, 1253, 416, 2227, 361, 1683, 4601, 4001, 3192]"
934,6906,"[3510, 276, 4923, 505, 4396, 945, 112, 2970, 373, 4583]"
935,6270,"[2595, 2970, 391, 4270, 98, 361, 2274, 116, 2613, 1200]"
936,840,"[2848, 2820, 708, 125, 181, 2377, 1740, 2155, 3102, 4270]"
937,7655,"[740, 1984, 983, 297, 2220, 1728, 3604, 4918, 1128, 125]"
938,2499,"[3704, 2274, 2454, 1604, 3068, 3342, 1129, 4286, 2784, 1753]"
939,6270,"[3510, 361, 4469, 3928, 3483, 2300, 3337, 4096, 266, 1619]"
940,2683,"[3078, 1753, 3459, 4986, 459, 4683, 1984, 2756, 2958, 1535]"
941,2499,"[3472, 3510, 3883, 240, 72, 1522, 85, 1485, 112, 3198]"
942,7655,"[740, 4091, 4177, 647, 1984, 4026, 866, 648, 2166, 4493]"
943,6270,"[4814, 4683, 4567, 276, 4005, 3459, 1485, 3282, 4290, 4765]"
944,6270,"[3510, 3459, 2392, 4228, 145, 4382, 3102, 4131, 2577, 960]"
945,6270,"[3510, 4270, 145, 4098, 116, 197, 151, 3282, 1684, 953]"
946,5010,"[1118, 4446, 1, 740, 4091, 3300, 647, 1653, 1984, 2756]"
947,6270,[]
948,5006,"[3341, 109, 2274, 125, 630, 3424, 648, 4642, 3375, 112]"
949,840,"[125, 3424, 3728, 1765, 145, 1569, 1023, 2313, 4642, 3324]"
950,2499,"[411, 2155, 4475, 4683, 3421, 1611, 3472, 60, 3892, 62]"
951,840,"[740, 903, 786, 2549, 193, 2820, 708, 125, 1519, 4128]"
952,840,"[1605, 708, 828, 4954, 4798, 64, 70, 1087, 927, 2246]"
953,6270,"[989, 266, 4270, 648, 2610, 2155, 4245, 3225, 1129, 276]"
954,6270,"[203, 629, 2245, 676, 2697, 3102, 176, 3071, 3652, 1119]"
955,6270,"[484, 2949, 1740, 2155, 3102, 3510, 2225, 1443, 3432, 2522]"
956,6270,"[4270, 3314, 3892, 85, 4955, 225, 4106, 2274, 83, 2439]"
957,6270,[]
958,6270,"[4177, 4814, 648, 2949, 784, 2274, 3510, 4270, 2830, 2468]"
959,6270,[]
960,5010,"[4446, 647, 648, 193, 1755, 1008, 2274, 4245, 2830, 3335]"
961,6270,[]
962,6270,"[2274, 3715, 4961, 2122, 960, 4954, 648, 361, 3324, 2572]"
963,5006,"[4783, 2549, 708, 3392, 1736, 2274, 3510, 960, 1443, 4642]"
964,840,"[740, 4091, 4177, 647, 983, 297, 2848, 324, 484, 708]"
965,6270,[]
966,6270,[]
967,6906,"[2549, 4245, 3715, 1646, 1681, 41, 3966, 56, 922, 284]"
968,6270,"[740, 2, 4945, 4894, 420, 1088, 4737, 4128, 4817, 3888]"
969,6270,"[1555, 145, 112, 3226, 648, 903, 2905, 2274, 4527, 960]"
970,840,"[708, 4658, 361, 80, 145, 1880, 4751, 4752, 2300, 923]"
971,840,"[484, 4842, 4738, 2274, 3571, 1221, 4929, 2251, 4142, 794]"
972,2499,"[4177, 2105, 3102, 20, 429, 4206, 2849, 4270, 4131, 2828]"
973,840,"[2848, 125, 2949, 181, 2274, 4245, 361, 1087, 1578, 4332]"
974,2499,"[1690, 2820, 2949, 4971, 586, 3048, 3198, 4642, 1604, 1611]"
975,5006,"[4918, 125, 4665, 2949, 2342, 2274, 4245, 3198, 284, 4352]"
976,6270,[]
977,5010,"[648, 2274, 4245, 4270, 266, 4642, 276, 361, 4573, 2160]"
978,5006,"[4446, 4783, 740, 4177, 1653, 1252, 1984, 2756, 1646, 786]"
979,5010,"[1118, 4446, 4783, 740, 4177, 1984, 983, 866, 297, 648]"
980,7655,"[4446, 740, 4091, 4827, 2, 357, 908, 1633, 3263, 866]"
981,5010,"[4446, 1906, 647, 908, 1646, 786, 648, 2549, 1601, 3939]"
982,6906,"[648, 4493, 3510, 630, 1262, 3369, 3914, 4642, 1601, 4072]"
983,840,"[708, 2274, 4270, 416, 4926, 3571, 505, 191, 85, 1630]"
984,840,"[740, 2848, 324, 2988, 1933, 1983, 1684, 604, 973, 1476]"
985,6270,[]
986,840,"[708, 2949, 2155, 3102, 276, 2970, 4757, 4711, 2274, 3432]"
987,6270,"[4344, 268, 3262, 361, 4140, 516, 1785, 1611, 1281, 3138]"
988,840,"[903, 3885, 2155, 3102, 4738, 2639, 2355, 2970, 2610, 2513]"
989,840,"[4894, 4954, 4352, 249, 2951, 3343, 276, 4003, 3207, 4177]"
990,6270,"[903, 2988, 4043, 4005, 72, 301, 1555, 2439, 2694, 519]"
991,2499,"[2274, 395, 459, 3122, 3466, 4748, 1470, 3695, 2162, 3611]"
992,5010,"[2750, 882, 4245, 4720, 565, 3335, 2697, 3211, 3602, 648]"
993,6270,"[145, 3154, 361, 1074, 72, 2207, 4927, 3322, 1535, 1646]"
994,6270,"[3174, 960, 2795, 3216, 276, 3506, 4757, 4601, 1942, 4961]"
995,840,"[2820, 2949, 3510, 276, 145, 3820, 4879, 314, 1437, 193]"
996,840,"[679, 193, 708, 784, 3102, 2274, 3314, 3018, 361, 1918]"
997,840,"[1984, 484, 2355, 3168, 1479, 4396, 2758, 882, 1522, 1087]"
998,840,"[80, 4106, 4783, 4642, 3888, 145, 2210, 2608, 4954, 4475]"
999,2499,"[2280, 4738, 3432, 4396, 1244, 2970, 191, 928, 920, 664]"
