u,i1,i2,nl
0,,,"[342.2, 7.0, 59.0, 24.0, 32.0, 3.0, 20.0]"
1,,,"[204.8, 5.0, 9.0, 26.0, 24.0, 2.0, 10.0]"
2,,,"[132.3, 11.0, 39.0, 5.0, 4.0, 11.0, 5.0]"
3,,,"[3394.5, 477.0, 320.0, 24.0, 138.0, 148.0, 44.0]"
4,,,"[2786.2, 342.0, 134.0, 290.0, 161.0, 301.0, 42.0]"
5,,,"[695.3, 40.0, 68.0, 53.0, 158.0, 39.0, 10.0]"
6,,,"[316.0, 4.0, 40.0, 37.0, 78.0, 4.0, 10.0]"
7,,,"[261.2, 26.0, 11.0, 33.0, 23.0, 31.0, 5.0]"
8,,,"[942.8, 56.0, 49.0, 67.0, 81.0, 47.0, 35.0]"
9,,,"[316.0, 4.0, 40.0, 37.0, 78.0, 4.0, 10.0]"
10,,,"[2845.4, 88.0, 94.0, 98.0, 143.0, 45.0, 169.0]"
11,,,"[672.8, 19.0, 21.0, 4.0, 94.0, 12.0, 29.0]"
12,,,"[710.0, 44.0, 210.0, 7.0, 94.0, 50.0, 21.0]"
13,,,"[710.0, 44.0, 210.0, 7.0, 94.0, 50.0, 21.0]"
14,,,"[710.0, 44.0, 210.0, 7.0, 94.0, 50.0, 21.0]"
15,,,"[95.3, 1.0, 50.0, 16.0, 5.0, 0.0, 7.0]"
16,,,"[2330.9, 343.0, 1.0, 14.0, 62.0, 151.0, 17.0]"
17,,,"[1942.5, 149.0, 403.0, 64.0, 48.0, 299.0, 81.0]"
18,,,"[182.4, 2.0, 50.0, 7.0, 11.0, 1.0, 13.0]"
19,,,"[2161.0, 154.0, 1083.0, 32.0, 66.0, 93.0, 102.0]"
20,,,"[1389.5, 185.0, 53.0, 45.0, 56.0, 264.0, 16.0]"
21,,,"[549.0, 40.0, 41.0, 20.0, 38.0, 34.0, 20.0]"
22,,,"[159.0, 2.0, 8.0, 13.0, 18.0, 1.0, 9.0]"
23,,,"[432.9, 28.0, 27.0, 45.0, 66.0, 34.0, 11.0]"
24,,,"[423.7, 29.0, 47.0, 16.0, 19.0, 52.0, 17.0]"
25,,,"[1882.5, 155.0, 675.0, 77.0, 115.0, 312.0, 66.0]"
26,,,"[274.2, 12.0, 15.0, 18.0, 32.0, 22.0, 12.0]"
27,,,"[375.7, 26.0, 47.0, 28.0, 60.0, 27.0, 9.0]"
28,,,"[377.3, 45.0, 29.0, 25.0, 12.0, 21.0, 10.0]"
29,,,"[988.1, 122.0, 71.0, 93.0, 64.0, 112.0, 14.0]"
30,,,"[274.2, 12.0, 15.0, 18.0, 32.0, 22.0, 12.0]"
31,,,"[274.2, 12.0, 15.0, 18.0, 32.0, 22.0, 12.0]"
32,,,"[274.2, 12.0, 15.0, 18.0, 32.0, 22.0, 12.0]"
33,,,"[262.9, 23.0, 95.0, 6.0, 6.0, 40.0, 9.0]"
34,,,"[274.2, 12.0, 15.0, 18.0, 32.0, 22.0, 12.0]"
35,,,"[92.7, 2.0, 0.0, 8.0, 26.0, 1.0, 1.0]"
36,,,"[274.2, 12.0, 15.0, 18.0, 32.0, 22.0, 12.0]"
37,,,"[1025.6, 100.0, 54.0, 28.0, 130.0, 113.0, 10.0]"
38,,,"[274.2, 12.0, 15.0, 18.0, 32.0, 22.0, 12.0]"
39,,,"[1940.2, 177.0, 650.0, 37.0, 46.0, 259.0, 71.0]"
40,,,"[272.2, 22.0, 10.0, 20.0, 50.0, 42.0, 3.0]"
41,,,"[579.7, 35.0, 376.0, 7.0, 0.0, 72.0, 32.0]"
42,,,"[610.2, 45.0, 259.0, 19.0, 11.0, 52.0, 27.0]"
43,,,"[2861.3, 388.0, 15.0, 157.0, 268.0, 695.0, 7.0]"
44,,,"[835.2, 108.0, 0.0, 92.0, 86.0, 130.0, 1.0]"
45,,,"[97.4, 2.0, 9.0, 5.0, 28.0, 2.0, 1.0]"
46,,,"[1040.7, 75.0, 17.0, 38.0, 106.0, 123.0, 31.0]"
47,,,"[262.9, 23.0, 95.0, 6.0, 6.0, 40.0, 9.0]"
48,,,"[164.7, 20.0, 10.0, 11.0, 0.0, 9.0, 3.0]"
49,,,"[3340.1, 236.0, 1121.0, 102.0, 87.0, 108.0, 154.0]"
50,,,"[728.2, 95.0, 148.0, 29.0, 3.0, 74.0, 15.0]"
51,,,"[2051.0, 49.0, 80.0, 157.0, 108.0, 90.0, 126.0]"
52,,,"[1389.5, 185.0, 53.0, 45.0, 56.0, 264.0, 16.0]"
53,,,"[2264.8, 178.0, 43.0, 191.0, 170.0, 186.0, 74.0]"
54,,,"[1039.6, 70.0, 367.0, 25.0, 29.0, 138.0, 48.0]"
55,,,"[1853.2, 253.0, 45.0, 24.0, 134.0, 357.0, 5.0]"
56,,,"[3137.9, 254.0, 231.0, 341.0, 207.0, 348.0, 103.0]"
57,,,"[401.1, 28.0, 117.0, 10.0, 8.0, 28.0, 18.0]"
58,,,"[436.4, 21.0, 29.0, 18.0, 63.0, 30.0, 14.0]"
59,,,"[634.9, 40.0, 37.0, 18.0, 141.0, 19.0, 6.0]"
60,,,"[658.2, 45.0, 151.0, 35.0, 24.0, 72.0, 29.0]"
61,,,"[658.2, 45.0, 151.0, 35.0, 24.0, 72.0, 29.0]"
62,,,"[658.2, 45.0, 151.0, 35.0, 24.0, 72.0, 29.0]"
63,,,"[658.2, 45.0, 151.0, 35.0, 24.0, 72.0, 29.0]"
64,,,"[628.2, 38.0, 66.0, 69.0, 36.0, 61.0, 26.0]"
65,,,"[658.2, 45.0, 151.0, 35.0, 24.0, 72.0, 29.0]"
66,,,"[658.2, 45.0, 151.0, 35.0, 24.0, 72.0, 29.0]"
67,,,"[782.0, 79.0, 4.0, 32.0, 56.0, 154.0, 18.0]"
68,,,"[1070.8, 28.0, 111.0, 102.0, 75.0, 47.0, 69.0]"
69,,,"[1989.3, 148.0, 338.0, 38.0, 43.0, 122.0, 89.0]"
70,,,"[384.5, 40.0, 3.0, 25.0, 54.0, 33.0, 2.0]"
71,,,"[977.4, 120.0, 2.0, 9.0, 126.0, 92.0, 0.0]"
72,,,"[1840.5, 147.0, 44.0, 112.0, 113.0, 142.0, 61.0]"
73,,,"[296.1, 4.0, 130.0, 19.0, 37.0, 7.0, 17.0]"
74,,,"[368.2, 19.0, 183.0, 4.0, 5.0, 37.0, 21.0]"
75,,,"[695.4, 80.0, 5.0, 47.0, 97.0, 128.0, 2.0]"
76,,,"[183.2, 3.0, 115.0, 5.0, 19.0, 6.0, 10.0]"
77,,,"[947.1, 98.0, 50.0, 82.0, 42.0, 189.0, 25.0]"
78,,,"[393.5, 38.0, 21.0, 73.0, 50.0, 29.0, 5.0]"
79,,,"[2200.6, 137.0, 1278.0, 44.0, 57.0, 222.0, 116.0]"
80,,,"[384.1, 24.0, 132.0, 12.0, 8.0, 26.0, 18.0]"
81,,,"[183.2, 3.0, 115.0, 5.0, 19.0, 6.0, 10.0]"
82,,,"[2141.5, 170.0, 1164.0, 23.0, 20.0, 340.0, 103.0]"
83,,,"[261.2, 26.0, 11.0, 33.0, 23.0, 31.0, 5.0]"
84,,,"[524.5, 40.0, 195.0, 13.0, 12.0, 49.0, 24.0]"
85,,,"[893.9, 7.0, 729.0, 11.0, 44.0, 5.0, 70.0]"
86,,,"[345.4, 18.0, 20.0, 27.0, 16.0, 9.0, 18.0]"
87,,,"[359.1, 29.0, 5.0, 41.0, 51.0, 36.0, 6.0]"
88,,,"[388.8, 24.0, 17.0, 21.0, 25.0, 40.0, 17.0]"
89,,,"[1021.7, 74.0, 23.0, 38.0, 56.0, 144.0, 40.0]"
90,,,"[221.0, 5.0, 119.0, 0.0, 2.0, 11.0, 10.0]"
91,,,"[1612.0, 56.0, 945.0, 45.0, 39.0, 89.0, 103.0]"
92,,,"[306.0, 18.0, 105.0, 3.0, 13.0, 23.0, 16.0]"
93,,,"[734.4, 82.0, 1.0, 16.0, 97.0, 159.0, 2.0]"
94,,,"[4004.8, 317.0, 804.0, 135.0, 114.0, 616.0, 166.0]"
95,,,"[554.1, 43.0, 51.0, 75.0, 79.0, 48.0, 10.0]"
96,,,"[836.3, 0.0, 72.0, 2.0, 3.0, 0.0, 12.0]"
97,,,"[2330.9, 343.0, 1.0, 14.0, 62.0, 151.0, 17.0]"
98,,,"[893.9, 7.0, 729.0, 11.0, 44.0, 5.0, 70.0]"
99,,,"[433.9, 36.0, 12.0, 46.0, 51.0, 52.0, 9.0]"
100,,,"[1815.3, 268.0, 60.0, 170.0, 53.0, 344.0, 7.0]"
101,,,"[424.8, 39.0, 4.0, 15.0, 17.0, 76.0, 13.0]"
102,,,"[301.1, 31.0, 11.0, 25.0, 22.0, 29.0, 7.0]"
103,,,"[1065.5, 117.0, 3.0, 13.0, 172.0, 103.0, 1.0]"
104,,,"[3394.5, 477.0, 320.0, 24.0, 138.0, 148.0, 44.0]"
105,,,"[3137.9, 254.0, 231.0, 341.0, 207.0, 348.0, 103.0]"
106,,,"[626.8, 55.0, 18.0, 33.0, 104.0, 61.0, 6.0]"
107,,,"[3137.9, 254.0, 231.0, 341.0, 207.0, 348.0, 103.0]"
108,,,"[6244.6, 585.0, 1655.0, 274.0, 145.0, 641.0, 217.0]"
109,,,"[1040.7, 75.0, 17.0, 38.0, 106.0, 123.0, 31.0]"
110,,,"[1876.0, 210.0, 155.0, 50.0, 223.0, 255.0, 14.0]"
111,,,"[991.1, 86.0, 428.0, 12.0, 14.0, 109.0, 40.0]"
112,,,"[2180.0, 61.0, 370.0, 77.0, 111.0, 42.0, 135.0]"
113,,,"[722.7, 35.0, 255.0, 13.0, 15.0, 98.0, 42.0]"
114,,,"[835.2, 108.0, 0.0, 92.0, 86.0, 130.0, 1.0]"
115,,,"[231.5, 12.0, 67.0, 4.0, 5.0, 25.0, 12.0]"
116,,,"[150.7, 11.0, 29.0, 6.0, 5.0, 11.0, 6.0]"
117,,,"[150.7, 11.0, 29.0, 6.0, 5.0, 11.0, 6.0]"
118,,,"[424.8, 39.0, 4.0, 15.0, 17.0, 76.0, 13.0]"
119,,,"[154.2, 0.0, 145.0, 0.0, 0.0, 0.0, 13.0]"
120,,,"[200.3, 8.0, 30.0, 32.0, 28.0, 10.0, 8.0]"
121,,,"[942.8, 56.0, 49.0, 67.0, 81.0, 47.0, 35.0]"
122,,,"[977.4, 120.0, 2.0, 9.0, 126.0, 92.0, 0.0]"
123,,,"[628.2, 38.0, 66.0, 69.0, 36.0, 61.0, 26.0]"
124,,,"[2264.8, 178.0, 43.0, 191.0, 170.0, 186.0, 74.0]"
125,,,"[79.6, 0.0, 56.0, 0.0, 1.0, 0.0, 6.0]"
126,,,"[337.1, 14.0, 25.0, 19.0, 45.0, 6.0, 12.0]"
127,,,"[853.8, 84.0, 5.0, 72.0, 98.0, 124.0, 12.0]"
128,,,"[5356.3, 453.0, 1694.0, 202.0, 109.0, 134.0, 213.0]"
129,,,"[626.7, 67.0, 101.0, 4.0, 16.0, 190.0, 20.0]"
130,,,"[2728.3, 173.0, 914.0, 147.0, 74.0, 335.0, 133.0]"
131,,,"[391.0, 26.0, 16.0, 17.0, 25.0, 37.0, 15.0]"
132,,,"[1817.3, 88.0, 60.0, 45.0, 601.0, 113.0, 10.0]"
133,,,"[348.9, 10.0, 11.0, 13.0, 15.0, 5.0, 21.0]"
134,,,"[1466.3, 111.0, 319.0, 46.0, 182.0, 178.0, 37.0]"
135,,,"[1466.3, 111.0, 319.0, 46.0, 182.0, 178.0, 37.0]"
136,,,"[145.8, 12.0, 2.0, 0.0, 7.0, 5.0, 5.0]"
137,,,"[809.4, 88.0, 1.0, 86.0, 77.0, 125.0, 11.0]"
138,,,"[489.4, 32.0, 169.0, 30.0, 12.0, 64.0, 23.0]"
139,,,"[804.5, 70.0, 72.0, 16.0, 25.0, 30.0, 29.0]"
140,,,"[443.2, 55.0, 76.0, 0.0, 20.0, 22.0, 8.0]"
141,,,"[3340.1, 236.0, 1121.0, 102.0, 87.0, 108.0, 154.0]"
142,,,"[377.4, 44.0, 7.0, 17.0, 27.0, 58.0, 4.0]"
143,,,"[5356.3, 453.0, 1694.0, 202.0, 109.0, 134.0, 213.0]"
144,,,"[377.4, 44.0, 7.0, 17.0, 27.0, 58.0, 4.0]"
145,,,"[436.4, 21.0, 29.0, 18.0, 63.0, 30.0, 14.0]"
146,,,"[946.6, 47.0, 53.0, 55.0, 124.0, 72.0, 34.0]"
147,,,"[441.4, 24.0, 21.0, 2.0, 24.0, 12.0, 21.0]"
148,,,"[441.4, 24.0, 21.0, 2.0, 24.0, 12.0, 21.0]"
149,,,"[429.1, 5.0, 123.0, 3.0, 7.0, 13.0, 34.0]"
150,,,"[528.3, 34.0, 198.0, 23.0, 12.0, 67.0, 26.0]"
151,,,"[475.8, 20.0, 59.0, 25.0, 58.0, 16.0, 19.0]"
152,,,"[869.6, 112.0, 4.0, 47.0, 95.0, 222.0, 2.0]"
153,,,"[47.2, 3.0, 14.0, 1.0, 5.0, 6.0, 1.0]"
154,,,"[1134.2, 149.0, 26.0, 14.0, 89.0, 250.0, 6.0]"
155,,,"[106.5, 5.0, 38.0, 2.0, 3.0, 9.0, 5.0]"
156,,,"[1388.2, 196.0, 21.0, 88.0, 83.0, 305.0, 5.0]"
157,,,"[734.4, 82.0, 1.0, 16.0, 97.0, 159.0, 2.0]"
158,,,"[345.0, 33.0, 13.0, 28.0, 16.0, 59.0, 10.0]"
159,,,"[710.4, 66.0, 9.0, 53.0, 138.0, 87.0, 1.0]"
160,,,"[449.6, 48.0, 16.0, 23.0, 64.0, 81.0, 3.0]"
161,,,"[5707.0, 561.0, 2214.0, 98.0, 87.0, 722.0, 204.0]"
162,,,"[628.2, 38.0, 66.0, 69.0, 36.0, 61.0, 26.0]"
163,,,"[707.6, 52.0, 49.0, 59.0, 69.0, 77.0, 20.0]"
164,,,"[5583.5, 371.0, 611.0, 66.0, 357.0, 188.0, 238.0]"
165,,,"[682.2, 56.0, 205.0, 30.0, 13.0, 54.0, 27.0]"
166,,,"[642.5, 43.0, 87.0, 100.0, 36.0, 20.0, 28.0]"
167,,,"[121.6, 5.0, 15.0, 0.0, 17.0, 2.0, 5.0]"
168,,,"[654.3, 61.0, 172.0, 59.0, 10.0, 29.0, 25.0]"
169,,,"[3982.8, 240.0, 1491.0, 191.0, 115.0, 151.0, 198.0]"
170,,,"[904.6, 50.0, 21.0, 40.0, 51.0, 49.0, 37.0]"
171,,,"[754.0, 48.0, 270.0, 32.0, 20.0, 80.0, 38.0]"
172,,,"[724.2, 73.0, 130.0, 2.0, 20.0, 142.0, 22.0]"
173,,,"[30.4, 0.0, 12.0, 49.0, 2.0, 0.0, 2.0]"
174,,,"[30.4, 0.0, 12.0, 49.0, 2.0, 0.0, 2.0]"
175,,,"[2385.6, 157.0, 1052.0, 56.0, 49.0, 96.0, 118.0]"
176,,,"[1840.5, 147.0, 44.0, 112.0, 113.0, 142.0, 61.0]"
177,,,"[956.7, 127.0, 186.0, 0.0, 20.0, 36.0, 19.0]"
178,,,"[30.4, 0.0, 12.0, 49.0, 2.0, 0.0, 2.0]"
179,,,"[650.0, 61.0, 101.0, 12.0, 79.0, 50.0, 10.0]"
180,,,"[775.5, 38.0, 39.0, 97.0, 95.0, 35.0, 27.0]"
181,,,"[957.9, 67.0, 3.0, 67.0, 253.0, 71.0, 2.0]"
182,,,"[629.2, 54.0, 9.0, 28.0, 34.0, 58.0, 19.0]"
183,,,"[498.9, 39.0, 76.0, 32.0, 68.0, 46.0, 10.0]"
184,,,"[1216.2, 112.0, 18.0, 44.0, 70.0, 224.0, 35.0]"
185,,,"[262.9, 23.0, 95.0, 6.0, 6.0, 40.0, 9.0]"
186,,,"[531.0, 47.0, 6.0, 30.0, 72.0, 57.0, 8.0]"
187,,,"[723.4, 62.0, 47.0, 84.0, 85.0, 98.0, 15.0]"
188,,,"[782.0, 79.0, 4.0, 32.0, 56.0, 154.0, 18.0]"
189,,,"[1824.1, 126.0, 982.0, 32.0, 51.0, 174.0, 86.0]"
190,,,"[1041.1, 24.0, 2.0, 48.0, 54.0, 11.0, 64.0]"
191,,,"[1041.1, 24.0, 2.0, 48.0, 54.0, 11.0, 64.0]"
192,,,"[1041.1, 24.0, 2.0, 48.0, 54.0, 11.0, 64.0]"
193,,,"[1255.0, 1.0, 1253.0, 0.0, 3.0, 0.0, 107.0]"
194,,,"[1041.1, 24.0, 2.0, 48.0, 54.0, 11.0, 64.0]"
195,,,"[705.8, 69.0, 15.0, 11.0, 47.0, 34.0, 17.0]"
196,,,"[466.6, 24.0, 25.0, 44.0, 60.0, 30.0, 16.0]"
197,,,"[275.6, 18.0, 32.0, 27.0, 52.0, 23.0, 5.0]"
198,,,"[516.9, 45.0, 145.0, 19.0, 11.0, 49.0, 19.0]"
199,,,"[551.7, 70.0, 12.0, 68.0, 54.0, 143.0, 4.0]"
200,,,"[561.5, 27.0, 13.0, 2.0, 34.0, 35.0, 25.0]"
201,,,"[416.7, 44.0, 3.0, 87.0, 62.0, 19.0, 0.0]"
202,,,"[224.9, 4.0, 47.0, 7.0, 12.0, 3.0, 14.0]"
203,,,"[769.7, 79.0, 17.0, 84.0, 72.0, 98.0, 12.0]"
204,,,"[734.0, 29.0, 56.0, 16.0, 30.0, 21.0, 42.0]"
205,,,"[225.1, 22.0, 21.0, 13.0, 23.0, 25.0, 3.0]"
206,,,"[225.1, 22.0, 21.0, 13.0, 23.0, 25.0, 3.0]"
207,,,"[8300.5, 575.0, 3309.0, 55.0, 268.0, 442.0, 386.0]"
208,,,"[1523.1, 58.0, 89.0, 96.0, 122.0, 89.0, 78.0]"
209,,,"[715.4, 91.0, 56.0, 104.0, 4.0, 43.0, 16.0]"
210,,,"[457.6, 35.0, 139.0, 17.0, 11.0, 76.0, 19.0]"
211,,,"[2330.9, 343.0, 1.0, 14.0, 62.0, 151.0, 17.0]"
212,,,"[643.5, 41.0, 33.0, 49.0, 53.0, 42.0, 24.0]"
213,,,"[638.6, 72.0, 0.0, 32.0, 99.0, 61.0, 0.0]"
214,,,"[3762.0, 299.0, 1116.0, 63.0, 66.0, 599.0, 158.0]"
215,,,"[471.3, 14.0, 21.0, 21.0, 64.0, 11.0, 18.0]"
216,,,"[463.1, 42.0, 7.0, 57.0, 74.0, 58.0, 4.0]"
217,,,"[457.6, 35.0, 139.0, 17.0, 11.0, 76.0, 19.0]"
218,,,"[1989.3, 148.0, 338.0, 38.0, 43.0, 122.0, 89.0]"
219,,,"[457.6, 35.0, 139.0, 17.0, 11.0, 76.0, 19.0]"
220,,,"[10356.9, 986.0, 3622.0, 274.0, 196.0, 1349.0, 387.0]"
221,,,"[754.0, 48.0, 270.0, 32.0, 20.0, 80.0, 38.0]"
222,,,"[34.3, 2.0, 10.0, 1.0, 0.0, 1.0, 1.0]"
223,,,"[722.6, 69.0, 61.0, 18.0, 108.0, 77.0, 7.0]"
224,,,"[599.9, 44.0, 1.0, 11.0, 156.0, 64.0, 0.0]"
225,,,"[599.9, 44.0, 1.0, 11.0, 156.0, 64.0, 0.0]"
226,,,"[762.5, 54.0, 261.0, 44.0, 48.0, 37.0, 29.0]"
227,,,"[854.8, 69.0, 61.0, 16.0, 17.0, 50.0, 36.0]"
228,,,"[2141.5, 170.0, 1164.0, 23.0, 20.0, 340.0, 103.0]"
229,,,"[599.9, 44.0, 1.0, 11.0, 156.0, 64.0, 0.0]"
230,,,"[1121.2, 99.0, 10.0, 37.0, 90.0, 200.0, 29.0]"
231,,,"[1198.3, 201.0, 7.0, 41.0, 4.0, 93.0, 1.0]"
232,,,"[516.9, 45.0, 145.0, 19.0, 11.0, 49.0, 19.0]"
233,,,"[240.9, 13.0, 41.0, 51.0, 48.0, 3.0, 5.0]"
234,,,"[617.5, 11.0, 2.0, 20.0, 78.0, 8.0, 31.0]"
235,,,"[3386.2, 283.0, 1421.0, 81.0, 58.0, 539.0, 139.0]"
236,,,"[2861.3, 388.0, 15.0, 157.0, 268.0, 695.0, 7.0]"
237,,,"[570.7, 32.0, 265.0, 16.0, 11.0, 43.0, 30.0]"
238,,,"[3502.8, 248.0, 1246.0, 159.0, 83.0, 108.0, 163.0]"
239,,,"[494.5, 60.0, 21.0, 25.0, 6.0, 37.0, 11.0]"
240,,,"[433.5, 29.0, 161.0, 3.0, 10.0, 83.0, 22.0]"
241,,,"[1840.5, 147.0, 44.0, 112.0, 113.0, 142.0, 61.0]"
242,,,"[2051.0, 49.0, 80.0, 157.0, 108.0, 90.0, 126.0]"
243,,,"[1219.1, 162.0, 25.0, 76.0, 43.0, 227.0, 15.0]"
244,,,"[507.3, 10.0, 60.0, 42.0, 44.0, 8.0, 30.0]"
245,,,"[3778.9, 247.0, 1518.0, 83.0, 86.0, 175.0, 190.0]"
246,,,"[748.5, 66.0, 22.0, 52.0, 73.0, 57.0, 16.0]"
247,,,"[895.5, 80.0, 24.0, 33.0, 98.0, 74.0, 17.0]"
248,,,"[1682.7, 197.0, 20.0, 123.0, 201.0, 371.0, 10.0]"
249,,,"[854.8, 69.0, 61.0, 16.0, 17.0, 50.0, 36.0]"
250,,,"[178.8, 23.0, 0.0, 13.0, 16.0, 47.0, 0.0]"
251,,,"[212.2, 15.0, 80.0, 1.0, 9.0, 4.0, 10.0]"
252,,,"[114.7, 8.0, 7.0, 10.0, 23.0, 7.0, 1.0]"
253,,,"[528.0, 28.0, 249.0, 22.0, 16.0, 30.0, 29.0]"
254,,,"[722.7, 35.0, 255.0, 13.0, 15.0, 98.0, 42.0]"
255,,,"[722.7, 35.0, 255.0, 13.0, 15.0, 98.0, 42.0]"
256,,,"[300.5, 10.0, 2.0, 14.0, 20.0, 13.0, 17.0]"
257,,,"[300.5, 10.0, 2.0, 14.0, 20.0, 13.0, 17.0]"
258,,,"[384.5, 40.0, 3.0, 25.0, 54.0, 33.0, 2.0]"
259,,,"[1817.3, 88.0, 60.0, 45.0, 601.0, 113.0, 10.0]"
260,,,"[955.7, 95.0, 53.0, 94.0, 84.0, 191.0, 21.0]"
261,,,"[326.4, 14.0, 99.0, 14.0, 11.0, 25.0, 18.0]"
262,,,"[4072.8, 339.0, 1383.0, 48.0, 89.0, 218.0, 170.0]"
263,,,"[649.1, 71.0, 5.0, 33.0, 101.0, 66.0, 1.0]"
264,,,"[1389.5, 185.0, 53.0, 45.0, 56.0, 264.0, 16.0]"
265,,,"[988.1, 122.0, 71.0, 93.0, 64.0, 112.0, 14.0]"
266,,,"[2173.9, 140.0, 1013.0, 33.0, 41.0, 171.0, 107.0]"
267,,,"[1040.7, 75.0, 17.0, 38.0, 106.0, 123.0, 31.0]"
268,,,"[4411.6, 271.0, 1413.0, 118.0, 131.0, 514.0, 215.0]"
269,,,"[383.8, 33.0, 9.0, 43.0, 66.0, 30.0, 4.0]"
270,,,"[551.7, 70.0, 12.0, 68.0, 54.0, 143.0, 4.0]"
271,,,"[854.8, 69.0, 61.0, 16.0, 17.0, 50.0, 36.0]"
272,,,"[1389.5, 185.0, 53.0, 45.0, 56.0, 264.0, 16.0]"
273,,,"[230.5, 21.0, 75.0, 6.0, 4.0, 39.0, 8.0]"
274,,,"[6181.5, 486.0, 2144.0, 232.0, 162.0, 301.0, 263.0]"
275,,,"[3137.9, 254.0, 231.0, 341.0, 207.0, 348.0, 103.0]"
276,,,"[1882.5, 155.0, 675.0, 77.0, 115.0, 312.0, 66.0]"
277,,,"[265.8, 17.0, 27.0, 11.0, 55.0, 9.0, 4.0]"
278,,,"[542.5, 36.0, 32.0, 41.0, 81.0, 42.0, 12.0]"
279,,,"[594.1, 66.0, 8.0, 68.0, 75.0, 114.0, 4.0]"
280,,,"[230.5, 21.0, 75.0, 6.0, 4.0, 39.0, 8.0]"
281,,,"[947.1, 98.0, 50.0, 82.0, 42.0, 189.0, 25.0]"
282,,,"[1682.7, 197.0, 20.0, 123.0, 201.0, 371.0, 10.0]"
283,,,"[977.4, 120.0, 2.0, 9.0, 126.0, 92.0, 0.0]"
284,,,"[765.3, 52.0, 355.0, 22.0, 12.0, 49.0, 37.0]"
285,,,"[230.5, 21.0, 75.0, 6.0, 4.0, 39.0, 8.0]"
286,,,"[230.5, 21.0, 75.0, 6.0, 4.0, 39.0, 8.0]"
287,,,"[230.5, 21.0, 75.0, 6.0, 4.0, 39.0, 8.0]"
288,,,"[843.4, 39.0, 78.0, 98.0, 112.0, 61.0, 31.0]"
289,,,"[230.5, 21.0, 75.0, 6.0, 4.0, 39.0, 8.0]"
290,,,"[528.3, 34.0, 198.0, 23.0, 12.0, 67.0, 26.0]"
291,,,"[3118.2, 191.0, 1021.0, 138.0, 89.0, 81.0, 155.0]"
292,,,"[230.5, 21.0, 75.0, 6.0, 4.0, 39.0, 8.0]"
293,,,"[1028.0, 122.0, 2.0, 13.0, 143.0, 103.0, 0.0]"
294,,,"[230.5, 21.0, 75.0, 6.0, 4.0, 39.0, 8.0]"
295,,,"[948.5, 81.0, 236.0, 37.0, 23.0, 150.0, 36.0]"
296,,,"[1135.6, 127.0, 8.0, 8.0, 81.0, 97.0, 15.0]"
297,,,"[1345.3, 95.0, 508.0, 43.0, 26.0, 186.0, 64.0]"
298,,,"[453.1, 25.0, 226.0, 17.0, 9.0, 27.0, 24.0]"
299,,,"[476.7, 47.0, 40.0, 26.0, 69.0, 38.0, 5.0]"
300,,,"[453.1, 25.0, 226.0, 17.0, 9.0, 27.0, 24.0]"
301,,,"[578.6, 35.0, 16.0, 29.0, 92.0, 18.0, 13.0]"
302,,,"[117.8, 9.0, 11.0, 26.0, 7.0, 6.0, 4.0]"
303,,,"[642.4, 51.0, 180.0, 21.0, 17.0, 92.0, 26.0]"
304,,,"[3394.5, 477.0, 320.0, 24.0, 138.0, 148.0, 44.0]"
305,,,"[2161.0, 154.0, 1083.0, 32.0, 66.0, 93.0, 102.0]"
306,,,"[733.9, 88.0, 137.0, 7.0, 31.0, 31.0, 16.0]"
307,,,"[3340.1, 236.0, 1121.0, 102.0, 87.0, 108.0, 154.0]"
308,,,"[701.1, 67.0, 11.0, 49.0, 89.0, 99.0, 9.0]"
309,,,"[476.7, 47.0, 40.0, 26.0, 69.0, 38.0, 5.0]"
310,,,"[3506.0, 316.0, 857.0, 87.0, 96.0, 615.0, 124.0]"
311,,,"[307.5, 20.0, 130.0, 12.0, 7.0, 10.0, 15.0]"
312,,,"[435.4, 31.0, 24.0, 31.0, 95.0, 21.0, 4.0]"
313,,,"[183.1, 5.0, 59.0, 15.0, 9.0, 3.0, 10.0]"
314,,,"[152.6, 7.0, 24.0, 45.0, 34.0, 9.0, 4.0]"
315,,,"[602.0, 36.0, 284.0, 0.0, 3.0, 73.0, 29.0]"
316,,,"[595.4, 39.0, 19.0, 22.0, 97.0, 41.0, 13.0]"
317,,,"[595.4, 39.0, 19.0, 22.0, 97.0, 41.0, 13.0]"
318,,,"[351.2, 36.0, 3.0, 20.0, 35.0, 70.0, 5.0]"
319,,,"[5356.3, 453.0, 1694.0, 202.0, 109.0, 134.0, 213.0]"
320,,,"[2161.0, 154.0, 1083.0, 32.0, 66.0, 93.0, 102.0]"
321,,,"[2161.0, 154.0, 1083.0, 32.0, 66.0, 93.0, 102.0]"
322,,,"[2161.0, 154.0, 1083.0, 32.0, 66.0, 93.0, 102.0]"
323,,,"[2161.0, 154.0, 1083.0, 32.0, 66.0, 93.0, 102.0]"
324,,,"[2161.0, 154.0, 1083.0, 32.0, 66.0, 93.0, 102.0]"
325,,,"[2161.0, 154.0, 1083.0, 32.0, 66.0, 93.0, 102.0]"
326,,,"[469.2, 9.0, 3.0, 18.0, 159.0, 7.0, 6.0]"
327,,,"[2161.0, 154.0, 1083.0, 32.0, 66.0, 93.0, 102.0]"
328,,,"[2161.0, 154.0, 1083.0, 32.0, 66.0, 93.0, 102.0]"
329,,,"[2161.0, 154.0, 1083.0, 32.0, 66.0, 93.0, 102.0]"
330,,,"[1375.4, 91.0, 34.0, 74.0, 189.0, 139.0, 38.0]"
331,,,"[467.6, 41.0, 1.0, 47.0, 84.0, 71.0, 4.0]"
332,,,"[244.3, 21.0, 4.0, 0.0, 5.0, 9.0, 9.0]"
333,,,"[767.3, 34.0, 12.0, 23.0, 86.0, 53.0, 31.0]"
334,,,"[259.4, 19.0, 93.0, 8.0, 10.0, 12.0, 11.0]"
335,,,"[484.7, 38.0, 27.0, 11.0, 61.0, 44.0, 12.0]"
336,,,"[367.0, 31.0, 101.0, 10.0, 9.0, 12.0, 14.0]"
337,,,"[1065.5, 117.0, 3.0, 13.0, 172.0, 103.0, 1.0]"
338,,,"[1725.7, 140.0, 228.0, 88.0, 295.0, 114.0, 25.0]"
339,,,"[255.5, 17.0, 106.0, 5.0, 8.0, 16.0, 12.0]"
340,,,"[693.1, 60.0, 15.0, 45.0, 84.0, 53.0, 13.0]"
341,,,"[542.7, 83.0, 38.0, 49.0, 1.0, 37.0, 4.0]"
342,,,"[3394.5, 477.0, 320.0, 24.0, 138.0, 148.0, 44.0]"
343,,,"[723.4, 62.0, 47.0, 84.0, 85.0, 98.0, 15.0]"
344,,,"[851.6, 47.0, 371.0, 142.0, 53.0, 15.0, 44.0]"
345,,,"[952.3, 99.0, 188.0, 62.0, 86.0, 69.0, 17.0]"
346,,,"[478.7, 49.0, 12.0, 73.0, 26.0, 92.0, 11.0]"
347,,,"[3185.8, 268.0, 872.0, 78.0, 76.0, 372.0, 128.0]"
348,,,"[880.3, 98.0, 11.0, 19.0, 38.0, 190.0, 19.0]"
349,,,"[1219.1, 162.0, 25.0, 76.0, 43.0, 227.0, 15.0]"
350,,,"[2351.9, 273.0, 645.0, 7.0, 25.0, 548.0, 64.0]"
351,,,"[856.3, 52.0, 139.0, 107.0, 39.0, 21.0, 40.0]"
352,,,"[555.0, 45.0, 8.0, 57.0, 59.0, 45.0, 14.0]"
353,,,"[778.8, 123.0, 2.0, 2.0, 18.0, 167.0, 0.0]"
354,,,"[301.1, 20.0, 49.0, 54.0, 59.0, 38.0, 5.0]"
355,,,"[3185.8, 268.0, 872.0, 78.0, 76.0, 372.0, 128.0]"
356,,,"[1636.9, 272.0, 2.0, 45.0, 28.0, 142.0, 1.0]"
357,,,"[986.2, 58.0, 462.0, 3.0, 11.0, 178.0, 52.0]"
358,,,"[758.3, 70.0, 33.0, 34.0, 62.0, 35.0, 18.0]"
359,,,"[729.8, 95.0, 2.0, 7.0, 79.0, 67.0, 1.0]"
360,,,"[654.9, 71.0, 43.0, 28.0, 47.0, 65.0, 13.0]"
361,,,"[781.8, 97.0, 57.0, 46.0, 56.0, 223.0, 11.0]"
362,,,"[1118.9, 32.0, 237.0, 87.0, 174.0, 26.0, 47.0]"
363,,,"[1080.3, 99.0, 142.0, 66.0, 136.0, 113.0, 18.0]"
364,,,"[317.9, 24.0, 1.0, 5.0, 78.0, 47.0, 0.0]"
365,,,"[1118.9, 32.0, 237.0, 87.0, 174.0, 26.0, 47.0]"
366,,,"[132.6, 11.0, 32.0, 3.0, 4.0, 10.0, 5.0]"
367,,,"[1118.9, 32.0, 237.0, 87.0, 174.0, 26.0, 47.0]"
368,,,"[116.7, 10.0, 5.0, 14.0, 9.0, 13.0, 2.0]"
369,,,"[742.3, 52.0, 49.0, 45.0, 87.0, 75.0, 21.0]"
370,,,"[195.9, 2.0, 3.0, 1.0, 13.0, 1.0, 14.0]"
371,,,"[1514.9, 62.0, 7.0, 127.0, 86.0, 92.0, 80.0]"
372,,,"[498.0, 39.0, 100.0, 12.0, 9.0, 50.0, 21.0]"
373,,,"[1840.5, 147.0, 44.0, 112.0, 113.0, 142.0, 61.0]"
374,,,"[735.5, 26.0, 50.0, 42.0, 55.0, 16.0, 40.0]"
375,,,"[677.7, 77.0, 139.0, 17.0, 18.0, 121.0, 17.0]"
376,,,"[1062.4, 3.0, 787.0, 2.0, 14.0, 1.0, 86.0]"
377,,,"[1663.9, 160.0, 516.0, 29.0, 45.0, 308.0, 55.0]"
378,,,"[126.0, 9.0, 32.0, 13.0, 10.0, 21.0, 4.0]"
379,,,"[238.3, 15.0, 19.0, 47.0, 23.0, 27.0, 8.0]"
380,,,"[699.5, 81.0, 9.0, 66.0, 77.0, 138.0, 6.0]"
381,,,"[638.6, 72.0, 0.0, 32.0, 99.0, 61.0, 0.0]"
382,,,"[642.5, 43.0, 87.0, 100.0, 36.0, 20.0, 28.0]"
383,,,"[238.3, 15.0, 19.0, 47.0, 23.0, 27.0, 8.0]"
384,,,"[879.6, 45.0, 22.0, 62.0, 55.0, 83.0, 43.0]"
385,,,"[1389.5, 185.0, 53.0, 45.0, 56.0, 264.0, 16.0]"
386,,,"[473.8, 30.0, 26.0, 74.0, 64.0, 21.0, 14.0]"
387,,,"[238.3, 15.0, 19.0, 47.0, 23.0, 27.0, 8.0]"
388,,,"[723.4, 62.0, 47.0, 84.0, 85.0, 98.0, 15.0]"
389,,,"[238.3, 15.0, 19.0, 47.0, 23.0, 27.0, 8.0]"
390,,,"[238.3, 15.0, 19.0, 47.0, 23.0, 27.0, 8.0]"
391,,,"[238.3, 15.0, 19.0, 47.0, 23.0, 27.0, 8.0]"
392,,,"[114.3, 2.0, 87.0, 0.0, 4.0, 1.0, 8.0]"
393,,,"[395.4, 28.0, 42.0, 34.0, 34.0, 22.0, 14.0]"
394,,,"[279.4, 20.0, 10.0, 7.0, 24.0, 22.0, 9.0]"
395,,,"[707.6, 52.0, 49.0, 59.0, 69.0, 77.0, 20.0]"
396,,,"[474.6, 48.0, 37.0, 23.0, 25.0, 44.0, 13.0]"
397,,,"[137.2, 10.0, 74.0, 0.0, 4.0, 20.0, 6.0]"
398,,,"[137.2, 10.0, 74.0, 0.0, 4.0, 20.0, 6.0]"
399,,,"[260.7, 31.0, 17.0, 11.0, 14.0, 12.0, 5.0]"
400,,,"[174.8, 14.0, 45.0, 3.0, 3.0, 28.0, 7.0]"
401,,,"[5356.3, 453.0, 1694.0, 202.0, 109.0, 134.0, 213.0]"
402,,,"[782.0, 79.0, 4.0, 32.0, 56.0, 154.0, 18.0]"
403,,,"[137.2, 10.0, 74.0, 0.0, 4.0, 20.0, 6.0]"
404,,,"[860.7, 42.0, 40.0, 92.0, 110.0, 68.0, 31.0]"
405,,,"[137.2, 10.0, 74.0, 0.0, 4.0, 20.0, 6.0]"
406,,,"[137.2, 10.0, 74.0, 0.0, 4.0, 20.0, 6.0]"
407,,,"[137.2, 10.0, 74.0, 0.0, 4.0, 20.0, 6.0]"
408,,,"[137.2, 10.0, 74.0, 0.0, 4.0, 20.0, 6.0]"
409,,,"[137.2, 10.0, 74.0, 0.0, 4.0, 20.0, 6.0]"
410,,,"[262.9, 23.0, 95.0, 6.0, 6.0, 40.0, 9.0]"
411,,,"[220.3, 25.0, 0.0, 15.0, 32.0, 15.0, 0.0]"
412,,,"[144.7, 11.0, 32.0, 30.0, 3.0, 20.0, 6.0]"
413,,,"[1661.8, 26.0, 280.0, 199.0, 86.0, 41.0, 114.0]"
414,,,"[90.4, 6.0, 27.0, 4.0, 1.0, 11.0, 4.0]"
415,,,"[137.2, 10.0, 74.0, 0.0, 4.0, 20.0, 6.0]"
416,,,"[377.3, 45.0, 29.0, 25.0, 12.0, 21.0, 10.0]"
417,,,"[445.1, 47.0, 0.0, 6.0, 77.0, 44.0, 0.0]"
418,,,"[330.2, 20.0, 22.0, 46.0, 84.0, 14.0, 2.0]"
419,,,"[137.2, 10.0, 74.0, 0.0, 4.0, 20.0, 6.0]"
420,,,"[772.0, 90.0, 17.0, 44.0, 39.0, 181.0, 14.0]"
421,,,"[137.2, 10.0, 74.0, 0.0, 4.0, 20.0, 6.0]"
422,,,"[137.2, 10.0, 74.0, 0.0, 4.0, 20.0, 6.0]"
423,,,"[1389.5, 185.0, 53.0, 45.0, 56.0, 264.0, 16.0]"
424,,,"[1838.6, 62.0, 61.0, 118.0, 110.0, 49.0, 102.0]"
425,,,"[137.2, 10.0, 74.0, 0.0, 4.0, 20.0, 6.0]"
426,,,"[1389.5, 185.0, 53.0, 45.0, 56.0, 264.0, 16.0]"
427,,,"[894.5, 123.0, 0.0, 38.0, 81.0, 206.0, 0.0]"
428,,,"[154.2, 0.0, 145.0, 0.0, 0.0, 0.0, 13.0]"
429,,,"[137.2, 10.0, 74.0, 0.0, 4.0, 20.0, 6.0]"
430,,,"[137.2, 10.0, 74.0, 0.0, 4.0, 20.0, 6.0]"
431,,,"[137.2, 10.0, 74.0, 0.0, 4.0, 20.0, 6.0]"
432,,,"[2141.5, 170.0, 1164.0, 23.0, 20.0, 340.0, 103.0]"
433,,,"[137.2, 10.0, 74.0, 0.0, 4.0, 20.0, 6.0]"
434,,,"[578.6, 35.0, 16.0, 29.0, 92.0, 18.0, 13.0]"
435,,,"[638.6, 72.0, 0.0, 32.0, 99.0, 61.0, 0.0]"
436,,,"[404.3, 13.0, 41.0, 5.0, 75.0, 7.0, 14.0]"
437,,,"[137.2, 10.0, 74.0, 0.0, 4.0, 20.0, 6.0]"
438,,,"[860.7, 42.0, 40.0, 92.0, 110.0, 68.0, 31.0]"
439,,,"[137.2, 10.0, 74.0, 0.0, 4.0, 20.0, 6.0]"
440,,,"[137.2, 10.0, 74.0, 0.0, 4.0, 20.0, 6.0]"
441,,,"[154.2, 0.0, 145.0, 0.0, 0.0, 0.0, 13.0]"
442,,,"[1070.8, 28.0, 111.0, 102.0, 75.0, 47.0, 69.0]"
443,,,"[137.2, 10.0, 74.0, 0.0, 4.0, 20.0, 6.0]"
444,,,"[267.0, 9.0, 8.0, 6.0, 55.0, 13.0, 7.0]"
445,,,"[262.9, 23.0, 95.0, 6.0, 6.0, 40.0, 9.0]"
446,,,"[137.2, 10.0, 74.0, 0.0, 4.0, 20.0, 6.0]"
447,,,"[345.2, 21.0, 12.0, 29.0, 25.0, 32.0, 13.0]"
448,,,"[137.2, 10.0, 74.0, 0.0, 4.0, 20.0, 6.0]"
449,,,"[262.9, 23.0, 95.0, 6.0, 6.0, 40.0, 9.0]"
450,,,"[386.2, 22.0, 14.0, 23.0, 26.0, 21.0, 16.0]"
451,,,"[244.3, 13.0, 16.0, 1.0, 13.0, 5.0, 13.0]"
452,,,"[735.5, 26.0, 50.0, 42.0, 55.0, 16.0, 40.0]"
453,,,"[4385.8, 372.0, 1326.0, 203.0, 95.0, 183.0, 170.0]"
454,,,"[782.0, 79.0, 4.0, 32.0, 56.0, 154.0, 18.0]"
455,,,"[5356.3, 453.0, 1694.0, 202.0, 109.0, 134.0, 213.0]"
456,,,"[2431.8, 84.0, 983.0, 80.0, 101.0, 43.0, 149.0]"
457,,,"[772.0, 90.0, 17.0, 44.0, 39.0, 181.0, 14.0]"
458,,,"[642.4, 51.0, 180.0, 21.0, 17.0, 92.0, 26.0]"
459,,,"[551.7, 70.0, 12.0, 68.0, 54.0, 143.0, 4.0]"
460,,,"[443.4, 26.0, 101.0, 12.0, 22.0, 11.0, 22.0]"
461,,,"[1523.1, 58.0, 89.0, 96.0, 122.0, 89.0, 78.0]"
462,,,"[3340.1, 236.0, 1121.0, 102.0, 87.0, 108.0, 154.0]"
463,,,"[710.4, 66.0, 9.0, 53.0, 138.0, 87.0, 1.0]"
464,,,"[835.2, 108.0, 0.0, 92.0, 86.0, 130.0, 1.0]"
465,,,"[594.1, 66.0, 8.0, 68.0, 75.0, 114.0, 4.0]"
466,,,"[835.0, 114.0, 53.0, 389.0, 24.0, 48.0, 12.0]"
467,,,"[423.7, 29.0, 47.0, 16.0, 19.0, 52.0, 17.0]"
468,,,"[105.3, 2.0, 55.0, 1.0, 2.0, 5.0, 6.0]"
469,,,"[782.0, 79.0, 4.0, 32.0, 56.0, 154.0, 18.0]"
470,,,"[842.2, 80.0, 262.0, 13.0, 17.0, 87.0, 29.0]"
471,,,"[270.3, 12.0, 21.0, 19.0, 13.0, 20.0, 14.0]"
472,,,"[649.1, 71.0, 5.0, 33.0, 101.0, 66.0, 1.0]"
473,,,"[707.6, 52.0, 49.0, 59.0, 69.0, 77.0, 20.0]"
474,,,"[668.1, 56.0, 7.0, 17.0, 101.0, 62.0, 10.0]"
475,,,"[429.1, 25.0, 8.0, 30.0, 75.0, 35.0, 8.0]"
476,,,"[1169.8, 113.0, 196.0, 38.0, 42.0, 209.0, 37.0]"
477,,,"[1695.2, 145.0, 471.0, 132.0, 101.0, 156.0, 55.0]"
478,,,"[239.4, 2.0, 71.0, 6.0, 12.0, 2.0, 16.0]"
479,,,"[744.9, 49.0, 24.0, 45.0, 63.0, 63.0, 27.0]"
480,,,"[2481.7, 84.0, 853.0, 30.0, 111.0, 58.0, 157.0]"
481,,,"[2330.9, 343.0, 1.0, 14.0, 62.0, 151.0, 17.0]"
482,,,"[780.5, 49.0, 317.0, 26.0, 18.0, 56.0, 39.0]"
483,,,"[781.5, 91.0, 47.0, 97.0, 36.0, 48.0, 17.0]"
484,,,"[5583.5, 371.0, 611.0, 66.0, 357.0, 188.0, 238.0]"
485,,,"[2204.5, 96.0, 901.0, 131.0, 82.0, 79.0, 126.0]"
486,,,"[628.2, 38.0, 66.0, 69.0, 36.0, 61.0, 26.0]"
487,,,"[1644.1, 117.0, 524.0, 31.0, 40.0, 224.0, 74.0]"
488,,,"[221.3, 32.0, 4.0, 22.0, 11.0, 21.0, 1.0]"
489,,,"[351.2, 36.0, 3.0, 20.0, 35.0, 70.0, 5.0]"
490,,,"[533.7, 9.0, 29.0, 31.0, 94.0, 10.0, 25.0]"
491,,,"[2934.2, 349.0, 1.0, 48.0, 417.0, 400.0, 0.0]"
492,,,"[144.4, 12.0, 36.0, 4.0, 4.0, 19.0, 5.0]"
493,,,"[144.4, 12.0, 36.0, 4.0, 4.0, 19.0, 5.0]"
494,,,"[346.5, 20.0, 127.0, 18.0, 9.0, 14.0, 17.0]"
495,,,"[144.4, 12.0, 36.0, 4.0, 4.0, 19.0, 5.0]"
496,,,"[4501.2, 474.0, 1132.0, 115.0, 171.0, 694.0, 127.0]"
497,,,"[487.1, 13.0, 130.0, 47.0, 106.0, 8.0, 15.0]"
498,,,"[1080.3, 99.0, 142.0, 66.0, 136.0, 113.0, 18.0]"
499,,,"[1620.2, 49.0, 203.0, 44.0, 86.0, 84.0, 95.0]"
500,,,"[348.0, 39.0, 31.0, 37.0, 33.0, 48.0, 4.0]"
501,,,"[642.4, 51.0, 180.0, 21.0, 17.0, 92.0, 26.0]"
502,,,"[217.1, 13.0, 81.0, 8.0, 4.0, 18.0, 11.0]"
503,,,"[3137.9, 254.0, 231.0, 341.0, 207.0, 348.0, 103.0]"
504,,,"[1687.1, 41.0, 104.0, 194.0, 83.0, 76.0, 104.0]"
505,,,"[864.1, 95.0, 63.0, 55.0, 77.0, 147.0, 14.0]"
506,,,"[1080.3, 99.0, 142.0, 66.0, 136.0, 113.0, 18.0]"
507,,,"[205.7, 8.0, 20.0, 21.0, 17.0, 15.0, 10.0]"
508,,,"[1248.0, 75.0, 37.0, 20.0, 115.0, 79.0, 45.0]"
509,,,"[617.4, 43.0, 157.0, 39.0, 6.0, 19.0, 18.0]"
510,,,"[617.4, 43.0, 157.0, 39.0, 6.0, 19.0, 18.0]"
511,,,"[3137.9, 254.0, 231.0, 341.0, 207.0, 348.0, 103.0]"
512,,,"[1809.3, 27.0, 678.0, 69.0, 79.0, 46.0, 129.0]"
513,,,"[649.1, 71.0, 5.0, 33.0, 101.0, 66.0, 1.0]"
514,,,"[649.1, 71.0, 5.0, 33.0, 101.0, 66.0, 1.0]"
515,,,"[3119.8, 313.0, 1066.0, 25.0, 82.0, 630.0, 100.0]"
516,,,"[649.1, 71.0, 5.0, 33.0, 101.0, 66.0, 1.0]"
517,,,"[649.1, 71.0, 5.0, 33.0, 101.0, 66.0, 1.0]"
518,,,"[649.1, 71.0, 5.0, 33.0, 101.0, 66.0, 1.0]"
519,,,"[649.1, 71.0, 5.0, 33.0, 101.0, 66.0, 1.0]"
520,,,"[649.1, 71.0, 5.0, 33.0, 101.0, 66.0, 1.0]"
521,,,"[732.2, 59.0, 126.0, 25.0, 24.0, 95.0, 29.0]"
522,,,"[649.1, 71.0, 5.0, 33.0, 101.0, 66.0, 1.0]"
523,,,"[1201.1, 147.0, 6.0, 107.0, 153.0, 178.0, 0.0]"
524,,,"[649.1, 71.0, 5.0, 33.0, 101.0, 66.0, 1.0]"
525,,,"[649.1, 71.0, 5.0, 33.0, 101.0, 66.0, 1.0]"
526,,,"[649.1, 71.0, 5.0, 33.0, 101.0, 66.0, 1.0]"
527,,,"[649.1, 71.0, 5.0, 33.0, 101.0, 66.0, 1.0]"
528,,,"[649.1, 71.0, 5.0, 33.0, 101.0, 66.0, 1.0]"
529,,,"[717.2, 66.0, 31.0, 119.0, 90.0, 72.0, 11.0]"
530,,,"[553.1, 29.0, 30.0, 43.0, 149.0, 34.0, 5.0]"
531,,,"[649.1, 71.0, 5.0, 33.0, 101.0, 66.0, 1.0]"
532,,,"[649.1, 71.0, 5.0, 33.0, 101.0, 66.0, 1.0]"
533,,,"[5356.3, 453.0, 1694.0, 202.0, 109.0, 134.0, 213.0]"
534,,,"[649.1, 71.0, 5.0, 33.0, 101.0, 66.0, 1.0]"
535,,,"[766.0, 49.0, 18.0, 40.0, 88.0, 59.0, 24.0]"
536,,,"[649.1, 71.0, 5.0, 33.0, 101.0, 66.0, 1.0]"
537,,,"[649.1, 71.0, 5.0, 33.0, 101.0, 66.0, 1.0]"
538,,,"[649.1, 71.0, 5.0, 33.0, 101.0, 66.0, 1.0]"
539,,,"[649.1, 71.0, 5.0, 33.0, 101.0, 66.0, 1.0]"
540,,,"[649.1, 71.0, 5.0, 33.0, 101.0, 66.0, 1.0]"
541,,,"[1463.8, 49.0, 20.0, 97.0, 81.0, 21.0, 83.0]"
542,,,"[649.1, 71.0, 5.0, 33.0, 101.0, 66.0, 1.0]"
543,,,"[649.1, 71.0, 5.0, 33.0, 101.0, 66.0, 1.0]"
544,,,"[649.1, 71.0, 5.0, 33.0, 101.0, 66.0, 1.0]"
545,,,"[649.1, 71.0, 5.0, 33.0, 101.0, 66.0, 1.0]"
546,,,"[1882.5, 155.0, 675.0, 77.0, 115.0, 312.0, 66.0]"
547,,,"[649.1, 71.0, 5.0, 33.0, 101.0, 66.0, 1.0]"
548,,,"[649.1, 71.0, 5.0, 33.0, 101.0, 66.0, 1.0]"
549,,,"[649.1, 71.0, 5.0, 33.0, 101.0, 66.0, 1.0]"
550,,,"[649.1, 71.0, 5.0, 33.0, 101.0, 66.0, 1.0]"
551,,,"[3397.5, 515.0, 1.0, 45.0, 138.0, 250.0, 10.0]"
552,,,"[3394.5, 477.0, 320.0, 24.0, 138.0, 148.0, 44.0]"
553,,,"[328.6, 9.0, 7.0, 5.0, 120.0, 5.0, 1.0]"
554,,,"[214.5, 21.0, 2.0, 8.0, 37.0, 23.0, 0.0]"
555,,,"[436.4, 21.0, 29.0, 18.0, 63.0, 30.0, 14.0]"
556,,,"[214.5, 21.0, 2.0, 8.0, 37.0, 23.0, 0.0]"
557,,,"[385.0, 30.0, 19.0, 67.0, 61.0, 49.0, 7.0]"
558,,,"[384.5, 40.0, 3.0, 25.0, 54.0, 33.0, 2.0]"
559,,,"[349.3, 18.0, 9.0, 15.0, 41.0, 13.0, 10.0]"
560,,,"[3119.8, 313.0, 1066.0, 25.0, 82.0, 630.0, 100.0]"
561,,,"[686.0, 79.0, 136.0, 15.0, 25.0, 134.0, 16.0]"
562,,,"[393.7, 26.0, 11.0, 9.0, 45.0, 20.0, 2.0]"
563,,,"[882.4, 82.0, 41.0, 69.0, 109.0, 127.0, 15.0]"
564,,,"[984.5, 61.0, 160.0, 28.0, 185.0, 75.0, 18.0]"
565,,,"[343.1, 7.0, 245.0, 14.0, 6.0, 3.0, 24.0]"
566,,,"[252.1, 37.0, 1.0, 24.0, 12.0, 72.0, 1.0]"
567,,,"[717.2, 66.0, 31.0, 119.0, 90.0, 72.0, 11.0]"
568,,,"[87.7, 8.0, 25.0, 2.0, 4.0, 14.0, 2.0]"
569,,,"[458.7, 9.0, 225.0, 18.0, 13.0, 6.0, 32.0]"
570,,,"[959.6, 37.0, 45.0, 59.0, 181.0, 43.0, 30.0]"
571,,,"[330.2, 20.0, 22.0, 46.0, 84.0, 14.0, 2.0]"
572,,,"[587.3, 31.0, 59.0, 60.0, 78.0, 40.0, 20.0]"
573,,,"[754.0, 48.0, 270.0, 32.0, 20.0, 80.0, 38.0]"
574,,,"[650.0, 61.0, 101.0, 12.0, 79.0, 50.0, 10.0]"
575,,,"[299.4, 17.0, 70.0, 3.0, 19.0, 6.0, 14.0]"
576,,,"[562.0, 18.0, 101.0, 45.0, 30.0, 17.0, 32.0]"
577,,,"[299.4, 17.0, 70.0, 3.0, 19.0, 6.0, 14.0]"
578,,,"[3520.6, 340.0, 23.0, 141.0, 429.0, 467.0, 52.0]"
579,,,"[299.4, 17.0, 70.0, 3.0, 19.0, 6.0, 14.0]"
580,,,"[299.4, 17.0, 70.0, 3.0, 19.0, 6.0, 14.0]"
581,,,"[628.2, 38.0, 66.0, 69.0, 36.0, 61.0, 26.0]"
582,,,"[299.4, 17.0, 70.0, 3.0, 19.0, 6.0, 14.0]"
583,,,"[299.4, 17.0, 70.0, 3.0, 19.0, 6.0, 14.0]"
584,,,"[531.1, 42.0, 24.0, 47.0, 38.0, 57.0, 17.0]"
585,,,"[299.4, 17.0, 70.0, 3.0, 19.0, 6.0, 14.0]"
586,,,"[299.4, 17.0, 70.0, 3.0, 19.0, 6.0, 14.0]"
587,,,"[1032.5, 64.0, 30.0, 41.0, 101.0, 105.0, 36.0]"
588,,,"[234.3, 7.0, 161.0, 2.0, 10.0, 10.0, 14.0]"
589,,,"[307.0, 23.0, 3.0, 34.0, 80.0, 42.0, 1.0]"
590,,,"[672.4, 67.0, 134.0, 16.0, 45.0, 68.0, 18.0]"
591,,,"[1040.7, 75.0, 17.0, 38.0, 106.0, 123.0, 31.0]"
592,,,"[234.3, 7.0, 161.0, 2.0, 10.0, 10.0, 14.0]"
593,,,"[403.8, 21.0, 63.0, 13.0, 20.0, 31.0, 20.0]"
594,,,"[1612.0, 56.0, 945.0, 45.0, 39.0, 89.0, 103.0]"
595,,,"[240.9, 13.0, 41.0, 51.0, 48.0, 3.0, 5.0]"
596,,,"[543.2, 44.0, 188.0, 11.0, 11.0, 63.0, 22.0]"
597,,,"[856.5, 13.0, 39.0, 33.0, 50.0, 6.0, 54.0]"
598,,,"[2017.0, 318.0, 66.0, 88.0, 40.0, 289.0, 9.0]"
599,,,"[4116.0, 564.0, 95.0, 198.0, 286.0, 804.0, 27.0]"
600,,,"[452.0, 45.0, 8.0, 9.0, 59.0, 21.0, 2.0]"
601,,,"[352.6, 37.0, 1.0, 28.0, 33.0, 50.0, 5.0]"
602,,,"[685.1, 65.0, 28.0, 65.0, 44.0, 116.0, 17.0]"
603,,,"[283.2, 18.0, 13.0, 6.0, 10.0, 36.0, 13.0]"
604,,,"[1187.5, 66.0, 503.0, 28.0, 22.0, 38.0, 63.0]"
605,,,"[147.9, 13.0, 1.0, 26.0, 31.0, 23.0, 0.0]"
606,,,"[317.6, 33.0, 4.0, 14.0, 56.0, 51.0, 0.0]"
607,,,"[258.4, 14.0, 12.0, 27.0, 43.0, 17.0, 7.0]"
608,,,"[1389.5, 185.0, 53.0, 45.0, 56.0, 264.0, 16.0]"
609,,,"[431.4, 22.0, 156.0, 20.0, 11.0, 22.0, 23.0]"
610,,,"[366.1, 35.0, 2.0, 15.0, 34.0, 48.0, 7.0]"
611,,,"[147.9, 13.0, 1.0, 26.0, 31.0, 23.0, 0.0]"
612,,,"[456.7, 13.0, 122.0, 91.0, 104.0, 12.0, 13.0]"
613,,,"[551.7, 70.0, 12.0, 68.0, 54.0, 143.0, 4.0]"
614,,,"[403.3, 27.0, 18.0, 4.0, 74.0, 31.0, 3.0]"
615,,,"[591.7, 30.0, 28.0, 49.0, 69.0, 32.0, 22.0]"
616,,,"[527.9, 47.0, 122.0, 12.0, 16.0, 52.0, 19.0]"
617,,,"[350.0, 36.0, 80.0, 8.0, 14.0, 70.0, 9.0]"
618,,,"[478.8, 44.0, 27.0, 42.0, 42.0, 75.0, 11.0]"
619,,,"[2431.8, 84.0, 983.0, 80.0, 101.0, 43.0, 149.0]"
620,,,"[478.8, 44.0, 27.0, 42.0, 42.0, 75.0, 11.0]"
621,,,"[906.5, 96.0, 47.0, 9.0, 83.0, 54.0, 15.0]"
622,,,"[478.8, 44.0, 27.0, 42.0, 42.0, 75.0, 11.0]"
623,,,"[850.8, 90.0, 10.0, 22.0, 50.0, 172.0, 18.0]"
624,,,"[2330.9, 343.0, 1.0, 14.0, 62.0, 151.0, 17.0]"
625,,,"[334.3, 20.0, 22.0, 33.0, 82.0, 22.0, 3.0]"
626,,,"[723.4, 62.0, 47.0, 84.0, 85.0, 98.0, 15.0]"
627,,,"[652.3, 82.0, 8.0, 28.0, 72.0, 47.0, 2.0]"
628,,,"[315.0, 11.0, 10.0, 13.0, 55.0, 11.0, 10.0]"
629,,,"[1904.0, 136.0, 16.0, 40.0, 499.0, 119.0, 3.0]"
630,,,"[860.7, 42.0, 40.0, 92.0, 110.0, 68.0, 31.0]"
631,,,"[136.6, 0.0, 106.0, 2.0, 7.0, 0.0, 10.0]"
632,,,"[2646.0, 183.0, 852.0, 58.0, 71.0, 89.0, 126.0]"
633,,,"[668.3, 53.0, 18.0, 39.0, 81.0, 76.0, 15.0]"
634,,,"[781.5, 91.0, 47.0, 97.0, 36.0, 48.0, 17.0]"
635,,,"[1386.6, 214.0, 2.0, 27.0, 21.0, 70.0, 9.0]"
636,,,"[3137.9, 254.0, 231.0, 341.0, 207.0, 348.0, 103.0]"
637,,,"[904.6, 50.0, 21.0, 40.0, 51.0, 49.0, 37.0]"
638,,,"[151.8, 0.0, 14.0, 19.0, 9.0, 0.0, 10.0]"
639,,,"[904.6, 50.0, 21.0, 40.0, 51.0, 49.0, 37.0]"
640,,,"[904.6, 50.0, 21.0, 40.0, 51.0, 49.0, 37.0]"
641,,,"[904.6, 50.0, 21.0, 40.0, 51.0, 49.0, 37.0]"
642,,,"[563.5, 47.0, 51.0, 46.0, 66.0, 57.0, 12.0]"
643,,,"[232.8, 24.0, 7.0, 37.0, 32.0, 39.0, 1.0]"
644,,,"[942.8, 56.0, 49.0, 67.0, 81.0, 47.0, 35.0]"
645,,,"[734.0, 29.0, 56.0, 16.0, 30.0, 21.0, 42.0]"
646,,,"[707.6, 52.0, 49.0, 59.0, 69.0, 77.0, 20.0]"
647,,,"[216.5, 6.0, 1.0, 18.0, 11.0, 10.0, 12.0]"
648,,,"[566.2, 25.0, 26.0, 54.0, 106.0, 34.0, 16.0]"
649,,,"[216.2, 19.0, 65.0, 0.0, 6.0, 15.0, 8.0]"
650,,,"[310.7, 34.0, 8.0, 21.0, 42.0, 29.0, 1.0]"
651,,,"[1449.0, 249.0, 0.0, 145.0, 0.0, 112.0, 0.0]"
652,,,"[141.4, 7.0, 54.0, 7.0, 9.0, 5.0, 9.0]"
653,,,"[986.2, 58.0, 462.0, 3.0, 11.0, 178.0, 52.0]"
654,,,"[343.8, 44.0, 7.0, 27.0, 36.0, 80.0, 0.0]"
655,,,"[352.3, 21.0, 125.0, 10.0, 10.0, 39.0, 17.0]"
656,,,"[171.9, 20.0, 10.0, 4.0, 9.0, 25.0, 3.0]"
657,,,"[219.8, 14.0, 47.0, 3.0, 9.0, 13.0, 9.0]"
658,,,"[219.8, 14.0, 47.0, 3.0, 9.0, 13.0, 9.0]"
659,,,"[754.0, 48.0, 270.0, 32.0, 20.0, 80.0, 38.0]"
660,,,"[545.3, 29.0, 37.0, 44.0, 72.0, 35.0, 20.0]"
661,,,"[754.0, 48.0, 270.0, 32.0, 20.0, 80.0, 38.0]"
662,,,"[880.3, 98.0, 11.0, 19.0, 38.0, 190.0, 19.0]"
663,,,"[860.7, 42.0, 40.0, 92.0, 110.0, 68.0, 31.0]"
664,,,"[754.0, 48.0, 270.0, 32.0, 20.0, 80.0, 38.0]"
665,,,"[754.0, 48.0, 270.0, 32.0, 20.0, 80.0, 38.0]"
666,,,"[754.0, 48.0, 270.0, 32.0, 20.0, 80.0, 38.0]"
667,,,"[349.6, 15.0, 3.0, 47.0, 98.0, 27.0, 4.0]"
668,,,"[436.4, 21.0, 29.0, 18.0, 63.0, 30.0, 14.0]"
669,,,"[754.0, 48.0, 270.0, 32.0, 20.0, 80.0, 38.0]"
670,,,"[754.0, 48.0, 270.0, 32.0, 20.0, 80.0, 38.0]"
671,,,"[754.0, 48.0, 270.0, 32.0, 20.0, 80.0, 38.0]"
672,,,"[942.8, 56.0, 49.0, 67.0, 81.0, 47.0, 35.0]"
673,,,"[3679.6, 163.0, 900.0, 216.0, 150.0, 316.0, 202.0]"
674,,,"[617.5, 11.0, 2.0, 20.0, 78.0, 8.0, 31.0]"
675,,,"[668.3, 53.0, 18.0, 39.0, 81.0, 76.0, 15.0]"
676,,,"[782.0, 79.0, 4.0, 32.0, 56.0, 154.0, 18.0]"
677,,,"[641.0, 63.0, 4.0, 96.0, 99.0, 88.0, 3.0]"
678,,,"[415.0, 9.0, 18.0, 27.0, 30.0, 6.0, 24.0]"
679,,,"[3340.1, 236.0, 1121.0, 102.0, 87.0, 108.0, 154.0]"
680,,,"[899.9, 86.0, 42.0, 7.0, 132.0, 124.0, 9.0]"
681,,,"[415.0, 9.0, 18.0, 27.0, 30.0, 6.0, 24.0]"
682,,,"[179.9, 9.0, 32.0, 36.0, 26.0, 16.0, 6.0]"
683,,,"[120.0, 8.0, 29.0, 2.0, 3.0, 10.0, 5.0]"
684,,,"[179.9, 9.0, 32.0, 36.0, 26.0, 16.0, 6.0]"
685,,,"[1530.8, 94.0, 15.0, 63.0, 150.0, 44.0, 55.0]"
686,,,"[334.9, 9.0, 139.0, 4.0, 68.0, 4.0, 13.0]"
687,,,"[179.9, 9.0, 32.0, 36.0, 26.0, 16.0, 6.0]"
688,,,"[179.9, 9.0, 32.0, 36.0, 26.0, 16.0, 6.0]"
689,,,"[643.5, 41.0, 33.0, 49.0, 53.0, 42.0, 24.0]"
690,,,"[707.6, 52.0, 49.0, 59.0, 69.0, 77.0, 20.0]"
691,,,"[351.2, 36.0, 3.0, 20.0, 35.0, 70.0, 5.0]"
692,,,"[179.9, 9.0, 32.0, 36.0, 26.0, 16.0, 6.0]"
693,,,"[830.6, 88.0, 17.0, 25.0, 91.0, 39.0, 10.0]"
694,,,"[764.5, 59.0, 11.0, 13.0, 39.0, 44.0, 29.0]"
695,,,"[566.1, 39.0, 12.0, 46.0, 51.0, 52.0, 20.0]"
696,,,"[424.8, 39.0, 4.0, 15.0, 17.0, 76.0, 13.0]"
697,,,"[977.4, 120.0, 2.0, 9.0, 126.0, 92.0, 0.0]"
698,,,"[109.9, 13.0, 9.0, 6.0, 7.0, 14.0, 1.0]"
699,,,"[602.1, 61.0, 28.0, 47.0, 27.0, 76.0, 16.0]"
700,,,"[569.0, 58.0, 104.0, 10.0, 13.0, 116.0, 18.0]"
701,,,"[384.1, 24.0, 132.0, 12.0, 8.0, 26.0, 18.0]"
702,,,"[36.6, 3.0, 6.0, 20.0, 2.0, 1.0, 1.0]"
703,,,"[370.9, 24.0, 60.0, 43.0, 47.0, 11.0, 10.0]"
704,,,"[678.6, 56.0, 42.0, 54.0, 82.0, 93.0, 15.0]"
705,,,"[1342.9, 113.0, 63.0, 124.0, 115.0, 186.0, 37.0]"
706,,,"[261.0, 16.0, 78.0, 13.0, 7.0, 14.0, 12.0]"
707,,,"[137.7, 7.0, 55.0, 3.0, 1.0, 16.0, 7.0]"
708,,,"[422.5, 45.0, 7.0, 9.0, 42.0, 32.0, 6.0]"
709,,,"[586.4, 63.0, 66.0, 65.0, 51.0, 128.0, 11.0]"
710,,,"[990.8, 76.0, 34.0, 58.0, 77.0, 103.0, 31.0]"
711,,,"[1142.5, 128.0, 0.0, 19.0, 180.0, 166.0, 1.0]"
712,,,"[553.1, 29.0, 30.0, 43.0, 149.0, 34.0, 5.0]"
713,,,"[821.3, 83.0, 22.0, 5.0, 132.0, 66.0, 5.0]"
714,,,"[36.6, 3.0, 6.0, 20.0, 2.0, 1.0, 1.0]"
715,,,"[725.1, 60.0, 93.0, 79.0, 86.0, 70.0, 16.0]"
716,,,"[553.9, 76.0, 19.0, 32.0, 42.0, 146.0, 2.0]"
717,,,"[624.8, 54.0, 28.0, 67.0, 75.0, 66.0, 13.0]"
718,,,"[1034.3, 110.0, 17.0, 25.0, 169.0, 100.0, 2.0]"
719,,,"[880.3, 98.0, 11.0, 19.0, 38.0, 190.0, 19.0]"
720,,,"[538.3, 61.0, 30.0, 12.0, 53.0, 42.0, 6.0]"
721,,,"[538.3, 61.0, 30.0, 12.0, 53.0, 42.0, 6.0]"
722,,,"[538.3, 61.0, 30.0, 12.0, 53.0, 42.0, 6.0]"
723,,,"[535.5, 24.0, 209.0, 21.0, 16.0, 37.0, 30.0]"
724,,,"[533.2, 43.0, 82.0, 9.0, 36.0, 42.0, 18.0]"
725,,,"[447.5, 34.0, 127.0, 13.0, 11.0, 46.0, 19.0]"
726,,,"[707.6, 52.0, 49.0, 59.0, 69.0, 77.0, 20.0]"
727,,,"[936.8, 87.0, 45.0, 113.0, 106.0, 130.0, 18.0]"
728,,,"[1080.3, 99.0, 142.0, 66.0, 136.0, 113.0, 18.0]"
729,,,"[535.5, 24.0, 209.0, 21.0, 16.0, 37.0, 30.0]"
730,,,"[462.1, 41.0, 17.0, 30.0, 31.0, 70.0, 14.0]"
731,,,"[582.9, 2.0, 173.0, 2.0, 4.0, 3.0, 19.0]"
732,,,"[286.9, 4.0, 10.0, 1.0, 19.0, 6.0, 18.0]"
733,,,"[642.4, 51.0, 180.0, 21.0, 17.0, 92.0, 26.0]"
734,,,"[2845.4, 88.0, 94.0, 98.0, 143.0, 45.0, 169.0]"
735,,,"[553.1, 29.0, 30.0, 43.0, 149.0, 34.0, 5.0]"
736,,,"[2773.1, 302.0, 162.0, 105.0, 335.0, 324.0, 27.0]"
737,,,"[377.3, 45.0, 29.0, 25.0, 12.0, 21.0, 10.0]"
738,,,"[504.3, 26.0, 24.0, 40.0, 27.0, 43.0, 24.0]"
739,,,"[498.9, 19.0, 25.0, 13.0, 93.0, 23.0, 15.0]"
740,,,"[498.9, 19.0, 25.0, 13.0, 93.0, 23.0, 15.0]"
741,,,"[478.8, 39.0, 18.0, 31.0, 22.0, 19.0, 17.0]"
742,,,"[836.3, 0.0, 72.0, 2.0, 3.0, 0.0, 12.0]"
743,,,"[1853.2, 253.0, 45.0, 24.0, 134.0, 357.0, 5.0]"
744,,,"[4385.8, 372.0, 1326.0, 203.0, 95.0, 183.0, 170.0]"
745,,,"[717.2, 66.0, 31.0, 119.0, 90.0, 72.0, 11.0]"
746,,,"[811.1, 34.0, 27.0, 21.0, 96.0, 15.0, 34.0]"
747,,,"[742.3, 52.0, 49.0, 45.0, 87.0, 75.0, 21.0]"
748,,,"[313.7, 24.0, 11.0, 12.0, 18.0, 49.0, 11.0]"
749,,,"[629.7, 53.0, 10.0, 26.0, 92.0, 70.0, 9.0]"
750,,,"[1080.3, 99.0, 142.0, 66.0, 136.0, 113.0, 18.0]"
751,,,"[307.0, 23.0, 3.0, 34.0, 80.0, 42.0, 1.0]"
752,,,"[436.4, 21.0, 29.0, 18.0, 63.0, 30.0, 14.0]"
753,,,"[1342.9, 113.0, 63.0, 124.0, 115.0, 186.0, 37.0]"
754,,,"[4951.5, 474.0, 1127.0, 165.0, 129.0, 472.0, 175.0]"
755,,,"[666.1, 51.0, 126.0, 24.0, 10.0, 51.0, 30.0]"
756,,,"[228.7, 20.0, 1.0, 20.0, 48.0, 18.0, 0.0]"
757,,,"[228.7, 20.0, 1.0, 20.0, 48.0, 18.0, 0.0]"
758,,,"[782.0, 79.0, 4.0, 32.0, 56.0, 154.0, 18.0]"
759,,,"[297.3, 11.0, 26.0, 172.0, 86.0, 6.0, 4.0]"
760,,,"[299.3, 15.0, 127.0, 9.0, 6.0, 12.0, 16.0]"
761,,,"[228.7, 20.0, 1.0, 20.0, 48.0, 18.0, 0.0]"
762,,,"[594.1, 66.0, 8.0, 68.0, 75.0, 114.0, 4.0]"
763,,,"[228.7, 20.0, 1.0, 20.0, 48.0, 18.0, 0.0]"
764,,,"[517.5, 56.0, 12.0, 67.0, 59.0, 65.0, 5.0]"
765,,,"[228.7, 20.0, 1.0, 20.0, 48.0, 18.0, 0.0]"
766,,,"[594.1, 66.0, 8.0, 68.0, 75.0, 114.0, 4.0]"
767,,,"[228.7, 20.0, 1.0, 20.0, 48.0, 18.0, 0.0]"
768,,,"[377.3, 45.0, 29.0, 25.0, 12.0, 21.0, 10.0]"
769,,,"[228.7, 20.0, 1.0, 20.0, 48.0, 18.0, 0.0]"
770,,,"[594.1, 66.0, 8.0, 68.0, 75.0, 114.0, 4.0]"
771,,,"[772.9, 0.0, 414.0, 0.0, 0.0, 0.0, 34.0]"
772,,,"[351.2, 36.0, 3.0, 20.0, 35.0, 70.0, 5.0]"
773,,,"[594.1, 66.0, 8.0, 68.0, 75.0, 114.0, 4.0]"
774,,,"[368.2, 19.0, 183.0, 4.0, 5.0, 37.0, 21.0]"
775,,,"[1566.9, 28.0, 90.0, 49.0, 87.0, 13.0, 102.0]"
776,,,"[436.4, 21.0, 29.0, 18.0, 63.0, 30.0, 14.0]"
777,,,"[594.1, 66.0, 8.0, 68.0, 75.0, 114.0, 4.0]"
778,,,"[643.5, 41.0, 33.0, 49.0, 53.0, 42.0, 24.0]"
779,,,"[736.0, 64.0, 25.0, 54.0, 103.0, 82.0, 13.0]"
780,,,"[542.5, 36.0, 32.0, 41.0, 81.0, 42.0, 12.0]"
781,,,"[228.7, 20.0, 1.0, 20.0, 48.0, 18.0, 0.0]"
782,,,"[1621.8, 134.0, 208.0, 330.0, 214.0, 179.0, 36.0]"
783,,,"[228.7, 20.0, 1.0, 20.0, 48.0, 18.0, 0.0]"
784,,,"[27.9, 0.0, 23.0, 0.0, 0.0, 0.0, 2.0]"
785,,,"[594.1, 66.0, 8.0, 68.0, 75.0, 114.0, 4.0]"
786,,,"[436.4, 21.0, 29.0, 18.0, 63.0, 30.0, 14.0]"
787,,,"[624.1, 35.0, 6.0, 27.0, 139.0, 43.0, 9.0]"
788,,,"[345.2, 21.0, 12.0, 29.0, 25.0, 32.0, 13.0]"
789,,,"[228.7, 20.0, 1.0, 20.0, 48.0, 18.0, 0.0]"
790,,,"[1080.3, 99.0, 142.0, 66.0, 136.0, 113.0, 18.0]"
791,,,"[228.7, 20.0, 1.0, 20.0, 48.0, 18.0, 0.0]"
792,,,"[384.1, 24.0, 132.0, 12.0, 8.0, 26.0, 18.0]"
793,,,"[359.1, 29.0, 5.0, 41.0, 51.0, 36.0, 6.0]"
794,,,"[593.3, 43.0, 44.0, 75.0, 39.0, 19.0, 24.0]"
795,,,"[682.3, 32.0, 368.0, 6.0, 9.0, 64.0, 41.0]"
796,,,"[692.0, 43.0, 14.0, 51.0, 61.0, 55.0, 25.0]"
797,,,"[228.7, 20.0, 1.0, 20.0, 48.0, 18.0, 0.0]"
798,,,"[228.7, 20.0, 1.0, 20.0, 48.0, 18.0, 0.0]"
799,,,"[228.7, 20.0, 1.0, 20.0, 48.0, 18.0, 0.0]"
800,,,"[1389.5, 185.0, 53.0, 45.0, 56.0, 264.0, 16.0]"
801,,,"[540.5, 25.0, 58.0, 66.0, 75.0, 42.0, 19.0]"
802,,,"[228.7, 20.0, 1.0, 20.0, 48.0, 18.0, 0.0]"
803,,,"[352.4, 31.0, 12.0, 18.0, 15.0, 53.0, 11.0]"
804,,,"[228.7, 20.0, 1.0, 20.0, 48.0, 18.0, 0.0]"
805,,,"[228.7, 20.0, 1.0, 20.0, 48.0, 18.0, 0.0]"
806,,,"[228.7, 20.0, 1.0, 20.0, 48.0, 18.0, 0.0]"
807,,,"[424.8, 39.0, 4.0, 15.0, 17.0, 76.0, 13.0]"
808,,,"[470.4, 42.0, 11.0, 19.0, 20.0, 27.0, 15.0]"
809,,,"[228.7, 20.0, 1.0, 20.0, 48.0, 18.0, 0.0]"
810,,,"[228.7, 20.0, 1.0, 20.0, 48.0, 18.0, 0.0]"
811,,,"[228.7, 20.0, 1.0, 20.0, 48.0, 18.0, 0.0]"
812,,,"[628.2, 38.0, 66.0, 69.0, 36.0, 61.0, 26.0]"
813,,,"[253.9, 17.0, 97.0, 7.0, 4.0, 7.0, 12.0]"
814,,,"[436.4, 21.0, 29.0, 18.0, 63.0, 30.0, 14.0]"
815,,,"[683.0, 37.0, 412.0, 2.0, 6.0, 115.0, 39.0]"
816,,,"[3185.8, 268.0, 872.0, 78.0, 76.0, 372.0, 128.0]"
817,,,"[439.5, 9.0, 5.0, 15.0, 51.0, 6.0, 22.0]"
818,,,"[320.3, 40.0, 21.0, 15.0, 28.0, 46.0, 2.0]"
819,,,"[984.5, 61.0, 160.0, 28.0, 185.0, 75.0, 18.0]"
820,,,"[339.8, 40.0, 5.0, 28.0, 42.0, 66.0, 1.0]"
821,,,"[226.2, 33.0, 20.0, 0.0, 2.0, 68.0, 2.0]"
822,,,"[717.2, 66.0, 31.0, 119.0, 90.0, 72.0, 11.0]"
823,,,"[384.1, 24.0, 132.0, 12.0, 8.0, 26.0, 18.0]"
824,,,"[1219.1, 162.0, 25.0, 76.0, 43.0, 227.0, 15.0]"
825,,,"[609.7, 41.0, 13.0, 22.0, 53.0, 47.0, 21.0]"
826,,,"[280.5, 9.0, 4.0, 2.0, 20.0, 4.0, 15.0]"
827,,,"[507.6, 36.0, 8.0, 43.0, 47.0, 69.0, 16.0]"
828,,,"[4049.0, 3.0, 2479.0, 1.0, 12.0, 0.0, 213.0]"
829,,,"[4004.8, 317.0, 804.0, 135.0, 114.0, 616.0, 166.0]"
830,,,"[1204.5, 79.0, 707.0, 18.0, 14.0, 161.0, 66.0]"
831,,,"[2330.9, 343.0, 1.0, 14.0, 62.0, 151.0, 17.0]"
832,,,"[1904.6, 140.0, 546.0, 99.0, 70.0, 101.0, 83.0]"
833,,,"[598.3, 50.0, 1.0, 48.0, 41.0, 86.0, 18.0]"
834,,,"[305.4, 28.0, 20.0, 8.0, 44.0, 24.0, 5.0]"
835,,,"[59.1, 0.0, 17.0, 3.0, 3.0, 0.0, 4.0]"
836,,,"[899.1, 72.0, 15.0, 57.0, 60.0, 64.0, 29.0]"
837,,,"[303.6, 0.0, 289.0, 6.0, 1.0, 0.0, 26.0]"
838,,,"[352.4, 31.0, 12.0, 18.0, 15.0, 53.0, 11.0]"
839,,,"[352.4, 31.0, 12.0, 18.0, 15.0, 53.0, 11.0]"
840,,,"[617.5, 11.0, 2.0, 20.0, 78.0, 8.0, 31.0]"
841,,,"[639.4, 20.0, 16.0, 14.0, 102.0, 21.0, 25.0]"
842,,,"[3432.8, 323.0, 1213.0, 90.0, 83.0, 631.0, 124.0]"
843,,,"[352.4, 31.0, 12.0, 18.0, 15.0, 53.0, 11.0]"
844,,,"[407.0, 25.0, 84.0, 3.0, 80.0, 24.0, 7.0]"
845,,,"[448.8, 40.0, 1.0, 17.0, 98.0, 43.0, 0.0]"
846,,,"[870.2, 54.0, 40.0, 4.0, 77.0, 86.0, 32.0]"
847,,,"[1029.2, 95.0, 133.0, 198.0, 121.0, 107.0, 16.0]"
848,,,"[3394.5, 477.0, 320.0, 24.0, 138.0, 148.0, 44.0]"
849,,,"[352.4, 31.0, 12.0, 18.0, 15.0, 53.0, 11.0]"
850,,,"[352.4, 31.0, 12.0, 18.0, 15.0, 53.0, 11.0]"
851,,,"[361.4, 29.0, 2.0, 28.0, 13.0, 16.0, 13.0]"
852,,,"[2431.8, 84.0, 983.0, 80.0, 101.0, 43.0, 149.0]"
853,,,"[628.2, 38.0, 66.0, 69.0, 36.0, 61.0, 26.0]"
854,,,"[729.9, 46.0, 100.0, 69.0, 107.0, 87.0, 24.0]"
855,,,"[352.4, 31.0, 12.0, 18.0, 15.0, 53.0, 11.0]"
856,,,"[1815.3, 268.0, 60.0, 170.0, 53.0, 344.0, 7.0]"
857,,,"[2141.5, 170.0, 1164.0, 23.0, 20.0, 340.0, 103.0]"
858,,,"[2431.8, 84.0, 983.0, 80.0, 101.0, 43.0, 149.0]"
859,,,"[880.3, 98.0, 11.0, 19.0, 38.0, 190.0, 19.0]"
860,,,"[760.2, 54.0, 33.0, 7.0, 27.0, 84.0, 34.0]"
861,,,"[635.7, 50.0, 12.0, 46.0, 75.0, 58.0, 16.0]"
862,,,"[352.4, 31.0, 12.0, 18.0, 15.0, 53.0, 11.0]"
863,,,"[528.3, 34.0, 198.0, 23.0, 12.0, 67.0, 26.0]"
864,,,"[928.4, 61.0, 231.0, 42.0, 25.0, 108.0, 44.0]"
865,,,"[723.4, 62.0, 47.0, 84.0, 85.0, 98.0, 15.0]"
866,,,"[723.4, 62.0, 47.0, 84.0, 85.0, 98.0, 15.0]"
867,,,"[707.6, 52.0, 49.0, 59.0, 69.0, 77.0, 20.0]"
868,,,"[347.1, 11.0, 234.0, 4.0, 15.0, 18.0, 22.0]"
869,,,"[352.4, 31.0, 12.0, 18.0, 15.0, 53.0, 11.0]"
870,,,"[352.4, 31.0, 12.0, 18.0, 15.0, 53.0, 11.0]"
871,,,"[390.2, 45.0, 2.0, 21.0, 55.0, 78.0, 0.0]"
872,,,"[352.4, 31.0, 12.0, 18.0, 15.0, 53.0, 11.0]"
873,,,"[313.7, 24.0, 11.0, 12.0, 18.0, 49.0, 11.0]"
874,,,"[779.8, 69.0, 43.0, 83.0, 91.0, 92.0, 16.0]"
875,,,"[352.4, 31.0, 12.0, 18.0, 15.0, 53.0, 11.0]"
876,,,"[352.4, 31.0, 12.0, 18.0, 15.0, 53.0, 11.0]"
877,,,"[384.5, 40.0, 3.0, 25.0, 54.0, 33.0, 2.0]"
878,,,"[352.4, 31.0, 12.0, 18.0, 15.0, 53.0, 11.0]"
879,,,"[352.4, 31.0, 12.0, 18.0, 15.0, 53.0, 11.0]"
880,,,"[352.4, 31.0, 12.0, 18.0, 15.0, 53.0, 11.0]"
881,,,"[612.6, 73.0, 9.0, 36.0, 25.0, 132.0, 12.0]"
882,,,"[352.4, 31.0, 12.0, 18.0, 15.0, 53.0, 11.0]"
883,,,"[466.6, 24.0, 25.0, 44.0, 60.0, 30.0, 16.0]"
884,,,"[587.8, 62.0, 14.0, 47.0, 13.0, 84.0, 17.0]"
885,,,"[707.6, 52.0, 49.0, 59.0, 69.0, 77.0, 20.0]"
886,,,"[707.6, 52.0, 49.0, 59.0, 69.0, 77.0, 20.0]"
887,,,"[407.1, 25.0, 109.0, 13.0, 18.0, 42.0, 19.0]"
888,,,"[793.5, 38.0, 99.0, 27.0, 65.0, 34.0, 27.0]"
889,,,"[626.7, 57.0, 11.0, 71.0, 98.0, 75.0, 7.0]"
890,,,"[1471.5, 171.0, 111.0, 33.0, 158.0, 215.0, 11.0]"
891,,,"[4004.8, 317.0, 804.0, 135.0, 114.0, 616.0, 166.0]"
892,,,"[880.3, 98.0, 11.0, 19.0, 38.0, 190.0, 19.0]"
893,,,"[377.4, 41.0, 2.0, 30.0, 57.0, 69.0, 1.0]"
894,,,"[716.3, 74.0, 20.0, 73.0, 73.0, 86.0, 11.0]"
895,,,"[377.4, 41.0, 2.0, 30.0, 57.0, 69.0, 1.0]"
896,,,"[860.2, 103.0, 36.0, 8.0, 98.0, 169.0, 5.0]"
897,,,"[542.3, 18.0, 17.0, 45.0, 61.0, 19.0, 25.0]"
898,,,"[1471.5, 171.0, 111.0, 33.0, 158.0, 215.0, 11.0]"
899,,,"[730.0, 35.0, 18.0, 70.0, 112.0, 52.0, 23.0]"
900,,,"[2861.3, 388.0, 15.0, 157.0, 268.0, 695.0, 7.0]"
901,,,"[1096.9, 54.0, 754.0, 6.0, 15.0, 110.0, 69.0]"
902,,,"[1196.5, 141.0, 83.0, 20.0, 80.0, 255.0, 20.0]"
903,,,"[4294.7, 310.0, 1107.0, 209.0, 113.0, 615.0, 191.0]"
904,,,"[271.6, 34.0, 10.0, 8.0, 26.0, 38.0, 1.0]"
905,,,"[474.6, 48.0, 37.0, 23.0, 25.0, 44.0, 13.0]"
906,,,"[628.2, 38.0, 66.0, 69.0, 36.0, 61.0, 26.0]"
907,,,"[789.4, 117.0, 2.0, 26.0, 45.0, 234.0, 1.0]"
908,,,"[445.4, 51.0, 51.0, 29.0, 32.0, 53.0, 7.0]"
909,,,"[1552.7, 194.0, 12.0, 59.0, 111.0, 271.0, 8.0]"
910,,,"[879.6, 45.0, 22.0, 62.0, 55.0, 83.0, 43.0]"
911,,,"[338.4, 9.0, 242.0, 2.0, 2.0, 18.0, 24.0]"
912,,,"[93.2, 9.0, 5.0, 7.0, 13.0, 18.0, 0.0]"
913,,,"[13.4, 0.0, 8.0, 0.0, 0.0, 0.0, 1.0]"
914,,,"[1809.3, 27.0, 678.0, 69.0, 79.0, 46.0, 129.0]"
915,,,"[707.6, 52.0, 49.0, 59.0, 69.0, 77.0, 20.0]"
916,,,"[57.3, 4.0, 0.0, 5.0, 5.0, 8.0, 1.0]"
917,,,"[308.0, 15.0, 16.0, 51.0, 14.0, 13.0, 15.0]"
918,,,"[659.0, 67.0, 19.0, 52.0, 84.0, 67.0, 8.0]"
919,,,"[1294.0, 115.0, 11.0, 18.0, 138.0, 164.0, 27.0]"
920,,,"[368.2, 19.0, 183.0, 4.0, 5.0, 37.0, 21.0]"
921,,,"[308.0, 15.0, 16.0, 51.0, 14.0, 13.0, 15.0]"
922,,,"[6983.0, 643.0, 1301.0, 136.0, 181.0, 1057.0, 231.0]"
923,,,"[1510.0, 196.0, 6.0, 21.0, 129.0, 277.0, 6.0]"
924,,,"[454.9, 22.0, 95.0, 47.0, 47.0, 27.0, 20.0]"
925,,,"[308.0, 15.0, 16.0, 51.0, 14.0, 13.0, 15.0]"
926,,,"[4049.0, 3.0, 2479.0, 1.0, 12.0, 0.0, 213.0]"
927,,,"[293.8, 25.0, 3.0, 42.0, 38.0, 48.0, 5.0]"
928,,,"[293.8, 25.0, 3.0, 42.0, 38.0, 48.0, 5.0]"
929,,,"[3185.8, 268.0, 872.0, 78.0, 76.0, 372.0, 128.0]"
930,,,"[98.4, 8.0, 5.0, 10.0, 6.0, 10.0, 2.0]"
931,,,"[1661.8, 26.0, 280.0, 199.0, 86.0, 41.0, 114.0]"
932,,,"[330.2, 20.0, 22.0, 46.0, 84.0, 14.0, 2.0]"
933,,,"[98.4, 8.0, 5.0, 10.0, 6.0, 10.0, 2.0]"
934,,,"[98.4, 8.0, 5.0, 10.0, 6.0, 10.0, 2.0]"
935,,,"[351.2, 36.0, 3.0, 20.0, 35.0, 70.0, 5.0]"
936,,,"[562.0, 18.0, 101.0, 45.0, 30.0, 17.0, 32.0]"
937,,,"[2728.3, 173.0, 914.0, 147.0, 74.0, 335.0, 133.0]"
938,,,"[779.8, 69.0, 43.0, 83.0, 91.0, 92.0, 16.0]"
939,,,"[310.2, 24.0, 32.0, 10.0, 55.0, 20.0, 4.0]"
940,,,"[722.2, 74.0, 56.0, 110.0, 76.0, 100.0, 11.0]"
941,,,"[880.3, 98.0, 11.0, 19.0, 38.0, 190.0, 19.0]"
942,,,"[478.7, 49.0, 12.0, 73.0, 26.0, 92.0, 11.0]"
943,,,"[310.2, 24.0, 32.0, 10.0, 55.0, 20.0, 4.0]"
944,,,"[310.2, 24.0, 32.0, 10.0, 55.0, 20.0, 4.0]"
945,,,"[421.4, 35.0, 10.0, 31.0, 83.0, 59.0, 3.0]"
946,,,"[4411.6, 271.0, 1413.0, 118.0, 131.0, 514.0, 215.0]"
947,,,"[1136.5, 94.0, 303.0, 32.0, 26.0, 164.0, 46.0]"
948,,,"[4294.7, 310.0, 1107.0, 209.0, 113.0, 615.0, 191.0]"
949,,,"[125.9, 21.0, 0.0, 6.0, 0.0, 9.0, 0.0]"
950,,,"[2141.5, 170.0, 1164.0, 23.0, 20.0, 340.0, 103.0]"
951,,,"[247.8, 14.0, 89.0, 14.0, 5.0, 6.0, 13.0]"
952,,,"[125.9, 21.0, 0.0, 6.0, 0.0, 9.0, 0.0]"
953,,,"[404.4, 46.0, 2.0, 22.0, 54.0, 82.0, 1.0]"
954,,,"[82.2, 4.0, 52.0, 0.0, 0.0, 8.0, 4.0]"
955,,,"[426.8, 43.0, 126.0, 8.0, 11.0, 79.0, 13.0]"
956,,,"[299.7, 18.0, 28.0, 3.0, 74.0, 15.0, 3.0]"
957,,,"[334.4, 18.0, 107.0, 19.0, 55.0, 9.0, 9.0]"
958,,,"[472.2, 39.0, 31.0, 39.0, 22.0, 76.0, 17.0]"
959,,,"[214.7, 9.0, 5.0, 58.0, 52.0, 7.0, 2.0]"
960,,,"[1345.3, 95.0, 508.0, 43.0, 26.0, 186.0, 64.0]"
961,,,"[354.1, 35.0, 34.0, 25.0, 12.0, 62.0, 11.0]"
962,,,"[424.8, 39.0, 4.0, 15.0, 17.0, 76.0, 13.0]"
963,,,"[363.6, 37.0, 4.0, 21.0, 61.0, 47.0, 1.0]"
964,,,"[353.6, 25.0, 22.0, 5.0, 22.0, 11.0, 16.0]"
965,,,"[1767.6, 169.0, 580.0, 23.0, 56.0, 329.0, 56.0]"
966,,,"[644.1, 61.0, 0.0, 8.0, 131.0, 40.0, 0.0]"
967,,,"[1186.3, 30.0, 84.0, 81.0, 70.0, 25.0, 72.0]"
968,,,"[749.6, 62.0, 62.0, 87.0, 71.0, 77.0, 20.0]"
969,,,"[1389.5, 185.0, 53.0, 45.0, 56.0, 264.0, 16.0]"
970,,,"[200.2, 19.0, 19.0, 25.0, 29.0, 31.0, 2.0]"
971,,,"[200.2, 19.0, 19.0, 25.0, 29.0, 31.0, 2.0]"
972,,,"[429.6, 51.0, 5.0, 76.0, 48.0, 106.0, 3.0]"
973,,,"[628.2, 38.0, 66.0, 69.0, 36.0, 61.0, 26.0]"
974,,,"[460.9, 30.0, 188.0, 22.0, 11.0, 19.0, 23.0]"
975,,,"[827.5, 70.0, 18.0, 45.0, 52.0, 83.0, 27.0]"
976,,,"[47.1, 1.0, 1.0, 0.0, 3.0, 1.0, 2.0]"
977,,,"[4725.9, 304.0, 1521.0, 187.0, 301.0, 454.0, 196.0]"
978,,,"[5356.3, 453.0, 1694.0, 202.0, 109.0, 134.0, 213.0]"
979,,,"[406.0, 31.0, 69.0, 13.0, 61.0, 24.0, 7.0]"
980,,,"[672.4, 67.0, 134.0, 16.0, 45.0, 68.0, 18.0]"
981,,,"[587.2, 48.0, 161.0, 18.0, 18.0, 93.0, 22.0]"
982,,,"[1080.3, 99.0, 142.0, 66.0, 136.0, 113.0, 18.0]"
983,,,"[58.3, 3.0, 9.0, 4.0, 11.0, 4.0, 1.0]"
984,,,"[58.3, 3.0, 9.0, 4.0, 11.0, 4.0, 1.0]"
985,,,"[378.0, 30.0, 12.0, 36.0, 74.0, 33.0, 3.0]"
986,,,"[3329.3, 350.0, 117.0, 291.0, 401.0, 581.0, 39.0]"
987,,,"[533.4, 57.0, 15.0, 40.0, 64.0, 58.0, 5.0]"
988,,,"[533.4, 57.0, 15.0, 40.0, 64.0, 58.0, 5.0]"
989,,,"[1389.5, 185.0, 53.0, 45.0, 56.0, 264.0, 16.0]"
990,,,"[434.4, 15.0, 4.0, 7.0, 61.0, 25.0, 17.0]"
991,,,"[695.2, 79.0, 12.0, 26.0, 59.0, 121.0, 9.0]"
992,,,"[1203.1, 74.0, 54.0, 25.0, 164.0, 58.0, 24.0]"
993,,,"[723.4, 62.0, 47.0, 84.0, 85.0, 98.0, 15.0]"
994,,,"[102.7, 11.0, 7.0, 4.0, 6.0, 6.0, 2.0]"
995,,,"[238.7, 12.0, 21.0, 39.0, 36.0, 15.0, 7.0]"
996,,,"[436.4, 21.0, 29.0, 18.0, 63.0, 30.0, 14.0]"
997,,,"[262.9, 23.0, 95.0, 6.0, 6.0, 40.0, 9.0]"
998,,,"[238.7, 12.0, 21.0, 39.0, 36.0, 15.0, 7.0]"
999,,,"[3137.9, 254.0, 231.0, 341.0, 207.0, 348.0, 103.0]"
